####
#
# OBJ File Generated by Meshlab
#
####
# Object ft_sensor.obj
#
# Vertices: 874
# Faces: 1744
#
####
vn -3.1321349 -0.2087810 3.0617211
v -0.0346004 -0.0015128 0.0375700
vn -3.1404779 -0.0000000 3.0883446
v -0.0346500 0.0003500 0.0375700
vn -3.1404779 0.0000000 -3.0883451
v -0.0346500 0.0003500 0.0000700
vn -3.1321349 0.2087810 -3.0617218
v -0.0346004 0.0022128 0.0000700
vn -1.3729957 -2.8208010 -3.0369353
v -0.0149558 -0.0311259 0.0000700
vn -1.6640043 -2.6594615 3.0350995
v -0.0182147 -0.0293207 0.0375700
vn -1.6640043 -2.6594610 -3.0350986
v -0.0182147 -0.0293207 0.0000700
vn -1.9372609 -2.4675219 3.0350933
v -0.0212634 -0.0271793 0.0375700
vn -1.9372606 -2.4675221 -3.0350971
v -0.0212634 -0.0271793 0.0000700
vn -2.1885672 -2.2476251 3.0350990
v -0.0240671 -0.0247260 0.0375700
vn -2.1885672 -2.2476251 -3.0350995
v -0.0240671 -0.0247260 0.0000700
vn -2.4150763 -2.0022614 3.0350971
v -0.0265942 -0.0219885 0.0375700
vn -2.4150763 -2.0022616 -3.0350971
v -0.0265942 -0.0219885 0.0000700
vn -2.6142225 -1.7342104 3.0350978
v -0.0288160 -0.0189980 0.0375700
vn -2.6142223 -1.7342104 -3.0350978
v -0.0288160 -0.0189980 0.0000700
vn -2.7837474 -1.4465114 3.0350981
v -0.0307073 -0.0157882 0.0375700
vn -2.7837472 -1.4465115 -3.0350986
v -0.0307073 -0.0157882 0.0000700
vn -2.9217312 -1.1424232 3.0350981
v -0.0322468 -0.0123956 0.0375700
vn -2.9217315 -1.1424232 -3.0350981
v -0.0322468 -0.0123956 0.0000700
vn -3.0266113 -0.8253891 3.0350947
v -0.0334169 -0.0088586 0.0375700
vn -3.0266113 -0.8253891 -3.0350971
v -0.0334169 -0.0088586 0.0000700
vn -3.0971985 -0.4990036 3.0350986
v -0.0342044 -0.0052172 0.0375700
vn -3.0971985 -0.4990037 -3.0350986
v -0.0342044 -0.0052172 0.0000700
vn -3.1321373 -0.2087811 -3.0617218
v -0.0346004 -0.0015128 0.0000700
vn 1.2191802 -2.8905852 -3.0361655
v 0.0139588 -0.0318959 0.0000700
vn 0.9056667 -3.0035667 3.0350971
v 0.0104542 -0.0331598 0.0375700
vn 0.9056667 -3.0035665 -3.0350981
v 0.0104542 -0.0331598 0.0000700
vn 0.5812760 -3.0828176 3.0350986
v 0.0068351 -0.0340439 0.0375700
vn 0.5812761 -3.0828176 -3.0350983
v 0.0068351 -0.0340439 0.0000700
vn 0.2502998 -3.1271386 3.0350971
v 0.0031425 -0.0345384 0.0375700
vn 0.2502998 -3.1271384 -3.0350974
v 0.0031425 -0.0345384 0.0000700
vn -0.0835118 -3.1360278 3.0350995
v -0.0005817 -0.0346376 0.0375700
vn -0.0835118 -3.1360278 -3.0350995
v -0.0005817 -0.0346376 0.0000700
vn -0.4163777 -3.1093845 3.0350971
v -0.0042954 -0.0343404 0.0375700
vn -0.4163777 -3.1093845 -3.0350971
v -0.0042954 -0.0343404 0.0000700
vn -0.7445269 -3.0475111 3.0350986
v -0.0079564 -0.0336500 0.0375700
vn -0.7445268 -3.0475111 -3.0350986
v -0.0079564 -0.0336500 0.0000700
vn -1.0375471 -2.9620852 3.0534716
v -0.0115234 -0.0325745 0.0375700
vn -1.0631392 -2.9515715 -3.0368984
v -0.0115234 -0.0325745 0.0000700
vn -1.2449210 -2.8831887 3.0882189
v -0.0137890 -0.0316670 0.0375700
vn -1.4219822 -2.7990928 3.0699701
v -0.0149558 -0.0311259 0.0375700
vn -3.1321373 0.2087811 3.0617223
v -0.0346004 0.0022128 0.0375700
vn -3.0971985 0.4990037 3.0350990
v -0.0342044 0.0059172 0.0375700
vn -3.0971985 0.4990036 -3.0350986
v -0.0342044 0.0059172 0.0000700
vn -3.0266113 0.8253891 3.0350962
v -0.0334169 0.0095586 0.0375700
vn -3.0266113 0.8253891 -3.0350971
v -0.0334169 0.0095586 0.0000700
vn -2.9217315 1.1424232 3.0350981
v -0.0322468 0.0130956 0.0375700
vn -2.9217312 1.1424232 -3.0350986
v -0.0322468 0.0130956 0.0000700
vn -2.7837472 1.4465115 3.0350981
v -0.0307073 0.0164882 0.0375700
vn -2.7837474 1.4465114 -3.0350983
v -0.0307073 0.0164882 0.0000700
vn -2.6142223 1.7342104 3.0350978
v -0.0288160 0.0196980 0.0375700
vn -2.6142225 1.7342104 -3.0350978
v -0.0288160 0.0196980 0.0000700
vn -2.4150758 2.0022619 3.0350969
v -0.0265942 0.0226885 0.0375700
vn -2.4150758 2.0022619 -3.0350969
v -0.0265942 0.0226885 0.0000700
vn -2.1885669 2.2476254 3.0350995
v -0.0240671 0.0254260 0.0375700
vn -2.1885667 2.2476254 -3.0350993
v -0.0240671 0.0254260 0.0000700
vn -1.9372612 2.4675217 3.0350976
v -0.0212634 0.0278793 0.0375700
vn -1.9372613 2.4675217 -3.0350981
v -0.0212634 0.0278793 0.0000700
vn -1.6640061 2.6594603 3.0350990
v -0.0182147 0.0300207 0.0375700
vn -1.6640061 2.6594601 -3.0350986
v -0.0182147 0.0300207 0.0000700
vn -1.3718963 2.8212667 3.0350993
v -0.0149558 0.0318259 0.0375700
vn -1.3718963 2.8212667 -3.0350971
v -0.0149558 0.0318259 0.0000700
vn -1.0642397 2.9511080 3.0350971
v -0.0115234 0.0332745 0.0375700
vn -1.0642397 2.9511080 -3.0350976
v -0.0115234 0.0332745 0.0000700
vn -0.7445238 3.0475116 3.0350966
v -0.0079564 0.0343500 0.0375700
vn -0.7445238 3.0475116 -3.0350957
v -0.0079564 0.0343500 0.0000700
vn -0.4163762 3.1093850 3.0351000
v -0.0042954 0.0350403 0.0375700
vn -0.4163762 3.1093850 -3.0351000
v -0.0042954 0.0350403 0.0000700
vn -0.0835133 3.1360278 3.0350983
v -0.0005817 0.0353376 0.0375700
vn -0.0835134 3.1360278 -3.0350986
v -0.0005817 0.0353376 0.0000700
vn 0.2502983 3.1271384 3.0350983
v 0.0031425 0.0352384 0.0375700
vn 0.2502983 3.1271386 -3.0350986
v 0.0031425 0.0352384 0.0000700
vn 0.5812760 3.0828171 3.0350969
v 0.0068351 0.0347439 0.0375700
vn 0.5812759 3.0828171 -3.0350966
v 0.0068351 0.0347439 0.0000700
vn 0.9056695 3.0035655 3.0350971
v 0.0104542 0.0338598 0.0375700
vn 0.9056695 3.0035655 -3.0350981
v 0.0104542 0.0338598 0.0000700
vn 1.2197953 2.8902845 3.0351019
v 0.0139588 0.0325959 0.0375700
vn 1.2197953 2.8902848 -3.0351009
v 0.0139588 0.0325959 0.0000700
vn 1.5201035 2.7442536 3.0350947
v 0.0173093 0.0309667 0.0375700
vn 1.5201033 2.7442536 -3.0350947
v 0.0173093 0.0309667 0.0000700
vn 1.8031902 2.5671287 3.0350995
v 0.0204676 0.0289906 0.0375700
vn 1.8031902 2.5671287 -3.0351005
v 0.0204676 0.0289906 0.0000700
vn 2.0658417 2.3609200 3.0350981
v 0.0233979 0.0266900 0.0375700
vn 2.0658417 2.3609200 -3.0350981
v 0.0233979 0.0266900 0.0000700
vn 2.3050888 2.1279593 3.0350981
v 0.0260671 0.0240909 0.0375700
vn 2.3050885 2.1279593 -3.0350976
v 0.0260671 0.0240909 0.0000700
vn 2.5182190 1.8708868 3.0350971
v 0.0284449 0.0212229 0.0375700
vn 2.5182190 1.8708870 -3.0350969
v 0.0284449 0.0212229 0.0000700
vn 2.7028153 1.5926187 3.0351009
v 0.0305044 0.0181183 0.0375700
vn 2.7028153 1.5926187 -3.0351000
v 0.0305044 0.0181183 0.0000700
vn 2.8567877 1.2963053 3.0350952
v 0.0322222 0.0148124 0.0375700
vn 2.8567877 1.2963054 -3.0350974
v 0.0322222 0.0148124 0.0000700
vn 2.9783933 0.9853008 3.0350962
v 0.0335789 0.0113427 0.0375700
vn 2.9783933 0.9853009 -3.0350971
v 0.0335789 0.0113427 0.0000700
vn 3.0662513 0.6631370 3.0351014
v 0.0345591 0.0077484 0.0375700
vn 3.0662510 0.6631371 -3.0351002
v 0.0345591 0.0077484 0.0000700
vn 3.1193666 0.3334596 3.0350966
v 0.0351517 0.0040703 0.0375700
vn 3.1193666 0.3334596 -3.0350974
v 0.0351517 0.0040703 0.0000700
vn 3.1371396 -0.0000000 3.0350981
v 0.0353500 0.0003500 0.0375700
vn 3.1371396 0.0000000 -3.0350971
v 0.0353500 0.0003500 0.0000700
vn 3.1193666 -0.3334597 3.0350966
v 0.0351517 -0.0033703 0.0375700
vn 3.1193666 -0.3334596 -3.0350964
v 0.0351517 -0.0033703 0.0000700
vn 3.0662508 -0.6631372 3.0351040
v 0.0345591 -0.0070484 0.0375700
vn 3.0662508 -0.6631371 -3.0351005
v 0.0345591 -0.0070484 0.0000700
vn 2.9783933 -0.9853006 3.0350966
v 0.0335789 -0.0106427 0.0375700
vn 2.9783933 -0.9853006 -3.0350966
v 0.0335789 -0.0106427 0.0000700
vn 2.8567877 -1.2963054 3.0350957
v 0.0322222 -0.0141124 0.0375700
vn 2.8567877 -1.2963054 -3.0350966
v 0.0322222 -0.0141124 0.0000700
vn 2.7028155 -1.5926188 3.0350986
v 0.0305044 -0.0174183 0.0375700
vn 2.7028155 -1.5926188 -3.0350995
v 0.0305044 -0.0174183 0.0000700
vn 2.5182192 -1.8708868 3.0350966
v 0.0284449 -0.0205229 0.0375700
vn 2.5182190 -1.8708866 -3.0350966
v 0.0284449 -0.0205229 0.0000700
vn 2.3050890 -2.1279588 3.0350962
v 0.0260671 -0.0233909 0.0375700
vn 2.3050890 -2.1279588 -3.0350983
v 0.0260671 -0.0233909 0.0000700
vn 2.0658424 -2.3609195 3.0350974
v 0.0233979 -0.0259900 0.0375700
vn 2.0658426 -2.3609190 -3.0350983
v 0.0233979 -0.0259900 0.0000700
vn 1.8031884 -2.5671299 3.0350962
v 0.0204676 -0.0282906 0.0375700
vn 1.8031884 -2.5671299 -3.0350986
v 0.0204676 -0.0282906 0.0000700
vn 1.5315979 -2.7386065 3.0432529
v 0.0173093 -0.0302667 0.0375700
vn 1.5207194 -2.7439551 -3.0361180
v 0.0173093 -0.0302667 0.0000700
vn 1.3209584 -2.8491547 3.0882840
v 0.0144828 -0.0316697 0.0375700
vn 1.1554174 -2.9198146 3.0801928
v 0.0139588 -0.0318959 0.0375700
vn -3.1296382 0.0000001 3.3161197
v -0.0143277 -0.0173277 0.0375700
vn -3.0820901 0.5434566 3.3161321
v -0.0143732 -0.0178486 0.0375700
vn 0.0000000 0.0000000 6.2831860
v -0.0137716 -0.0176038 0.0375700
vn 1.5648205 -2.7103438 3.3161285
v -0.0188277 -0.0147296 0.0375700
vn 1.0704033 -2.9408963 3.3161216
v -0.0183537 -0.0145086 0.0375700
vn 0.0000000 0.0000000 6.2831850
v -0.0181138 -0.0084888 0.0375700
vn -0.5434538 -3.0820909 3.3161302
v 0.0185486 -0.0143732 0.0375700
vn -1.0704012 -2.9408984 3.3161232
v 0.0190537 -0.0145086 0.0375700
vn 0.0000000 0.0000000 6.2831850
v 0.0188138 -0.0084888 0.0375700
vn -0.5434538 -3.0820909 3.3161302
v 0.0185486 0.0209821 0.0375700
vn -1.0703967 -2.9409008 3.3161201
v 0.0190537 0.0208467 0.0375700
vn 0.0000000 0.0000000 6.2831860
v 0.0188138 0.0246888 0.0375700
vn 2.9408977 1.0703981 3.3161249
v -0.0201467 -0.0183537 0.0375700
vn 3.0820913 0.5434567 3.3161252
v -0.0202821 -0.0178486 0.0375700
vn 0.0000000 0.0000000 6.2831855
v -0.0209888 -0.0176038 0.0375700
vn -2.7103455 -1.5648179 3.3161263
v -0.0220519 0.0018500 0.0375700
vn -2.9408977 -1.0703981 3.3161252
v -0.0218309 0.0013761 0.0375700
vn 0.0000000 0.0000000 6.2831898
v -0.0209888 0.0091888 0.0375700
vn 2.0116935 -2.3974416 3.3161199
v -0.0265784 0.0026481 0.0375700
vn 1.5648170 -2.7103453 3.3161325
v -0.0261500 0.0029481 0.0375700
vn -2.3974385 -2.0116954 3.3161280
v -0.0223519 0.0022784 0.0375700
vn 3.0820913 0.5434567 3.3161249
v -0.0276044 -0.0001709 0.0375700
vn 3.1296372 -0.0000001 3.3161268
v -0.0276500 0.0003500 0.0375700
vn -3.0820913 0.5434569 3.3161249
v -0.0216956 -0.0001709 0.0375700
vn 0.0000000 0.0000000 6.2831898
v -0.0209888 -0.0084888 0.0375700
vn -3.1296372 0.0000001 3.3161266
v -0.0216500 0.0003500 0.0375700
vn -3.0820913 -0.5434567 3.3161249
v -0.0216956 0.0008709 0.0375700
vn -2.9408975 1.0703982 3.3161252
v -0.0218309 -0.0006761 0.0375700
vn -2.7103457 1.5648181 3.3161263
v -0.0220519 -0.0011500 0.0375700
vn -2.3974380 2.0116951 3.3161280
v -0.0223519 -0.0015784 0.0375700
vn 1.0703988 2.9408982 3.3161182
v -0.0256761 -0.0024691 0.0375700
vn 1.5648174 2.7103453 3.3161325
v -0.0261500 -0.0022481 0.0375700
vn 3.0820913 -0.5434569 3.3161249
v -0.0276044 0.0008709 0.0375700
vn 2.9408956 -1.0704027 3.3161283
v -0.0274691 0.0013761 0.0375700
vn 2.7103462 -1.5648190 3.3161201
v -0.0272481 0.0018500 0.0375700
vn 2.3974409 -2.0116916 3.3161309
v -0.0269481 0.0022784 0.0375700
vn -0.5434566 -3.0820901 3.3161321
v -0.0241291 0.0033044 0.0375700
vn -1.0703967 -2.9408991 3.3161168
v -0.0236239 0.0031691 0.0375700
vn -2.0116961 2.3974397 3.3161180
v -0.0227216 -0.0019481 0.0375700
vn -1.5648177 2.7103443 3.3161361
v -0.0231500 -0.0022481 0.0375700
vn -1.0703967 2.9408994 3.3161168
v -0.0236239 -0.0024691 0.0375700
vn -0.5434564 3.0820901 3.3161321
v -0.0241291 -0.0026044 0.0375700
vn 0.0000001 3.1296382 3.3161197
v -0.0246500 -0.0026500 0.0375700
vn 0.5434566 3.0820901 3.3161321
v -0.0251709 -0.0026044 0.0375700
vn 2.0116932 2.3974411 3.3161199
v -0.0265784 -0.0019481 0.0375700
vn 2.3974411 2.0116916 3.3161311
v -0.0269481 -0.0015784 0.0375700
vn 2.7103462 1.5648189 3.3161201
v -0.0272481 -0.0011500 0.0375700
vn 2.9408956 1.0704027 3.3161283
v -0.0274691 -0.0006761 0.0375700
vn 1.0703988 -2.9408984 3.3161182
v -0.0256761 0.0031691 0.0375700
vn 0.5434564 -3.0820901 3.3161321
v -0.0251709 0.0033044 0.0375700
vn -0.0000001 -3.1296382 3.3161197
v -0.0246500 0.0033500 0.0375700
vn -1.5648179 -2.7103443 3.3161361
v -0.0231500 0.0029481 0.0375700
vn -2.0116961 -2.3974395 3.3161180
v -0.0227216 0.0026481 0.0375700
vn 0.0000000 0.0000000 6.2831855
v -0.0209888 0.0183038 0.0375700
vn 0.0000000 0.0000000 6.2831841
v -0.0209888 0.0246888 0.0375700
vn 0.0000000 0.0000000 6.2831841
v -0.0181138 0.0246888 0.0375700
vn 0.0000000 0.0000000 6.2831841
v -0.0137716 0.0246888 0.0375700
vn -1.3706470 -2.8180485 3.2833991
v 0.0121833 0.0257266 0.0375700
vn -1.7950842 -2.5636497 3.3161283
v 0.0126362 0.0254651 0.0375700
vn -2.2129934 -2.2129812 3.3161302
v 0.0130368 0.0251290 0.0375700
vn -1.0083306 -2.9704449 3.2506752
v 0.0093503 0.0268640 0.0375700
vn -0.6789545 -3.0625634 3.2506766
v 0.0064103 0.0276863 0.0375700
vn -0.3415071 -3.1182766 3.2506752
v 0.0033983 0.0281836 0.0375700
vn 0.0000000 -3.1369214 3.2506766
v 0.0003500 0.0283500 0.0375700
vn 0.3415071 -3.1182764 3.2506752
v -0.0026983 0.0281836 0.0375700
vn 0.6789545 -3.0625634 3.2506766
v -0.0057103 0.0276863 0.0375700
vn 1.0083307 -2.9704452 3.2506750
v -0.0086503 0.0268640 0.0375700
vn 1.3706466 -2.8180478 3.2833989
v -0.0114833 0.0257266 0.0375700
vn 1.7950840 -2.5636497 3.3161280
v -0.0119362 0.0254651 0.0375700
vn 0.0000000 0.0000000 6.2831898
v 0.0144716 0.0246888 0.0375700
vn -1.5648227 -2.7103415 3.3161368
v 0.0195277 0.0206257 0.0375700
vn -2.0117013 -2.3974347 3.3161182
v 0.0199560 0.0203258 0.0375700
vn -2.3974352 -2.0117016 3.3161182
v 0.0203258 0.0199560 0.0375700
vn -2.7103415 -1.5648224 3.3161366
v 0.0206257 0.0195277 0.0375700
vn -2.9408991 -1.0703961 3.3161201
v 0.0208467 0.0190537 0.0375700
vn -1.0703961 2.9408991 3.3161201
v 0.0190537 0.0152086 0.0375700
vn 0.0000000 0.0000000 6.2831841
v 0.0188138 0.0091888 0.0375700
vn -1.5648224 2.7103415 3.3161366
v 0.0195277 0.0154296 0.0375700
vn -2.0117068 2.3974292 3.3161235
v 0.0199560 0.0157295 0.0375700
vn -2.3974404 2.0116959 3.3161132
v 0.0203258 0.0160993 0.0375700
vn -3.0820928 -0.5434541 3.3161302
v 0.0209821 0.0185486 0.0375700
vn -3.1296382 0.0000001 3.3161192
v 0.0210277 0.0180277 0.0375700
vn -3.0820894 0.5434593 3.3161337
v 0.0209821 0.0175067 0.0375700
vn -2.9408996 1.0703974 3.3161130
v 0.0208467 0.0170016 0.0375700
vn -2.7103434 1.5648181 3.3161397
v 0.0206257 0.0165277 0.0375700
vn -1.5648234 -2.7103422 3.3161304
v 0.0195277 -0.0147296 0.0375700
vn -2.0117006 -2.3974347 3.3161237
v 0.0199560 -0.0150295 0.0375700
vn -2.3974397 -2.0116961 3.3161178
v 0.0203258 -0.0153993 0.0375700
vn -2.7103443 -1.5648177 3.3161359
v 0.0206257 -0.0158277 0.0375700
vn -2.9408994 -1.0703967 3.3161166
v 0.0208467 -0.0163016 0.0375700
vn -3.0820901 -0.5434564 3.3161321
v 0.0209821 -0.0168067 0.0375700
vn -3.1296382 0.0000001 3.3161197
v 0.0210277 -0.0173277 0.0375700
vn -3.0820901 0.5434566 3.3161321
v 0.0209821 -0.0178486 0.0375700
vn -2.9408982 1.0703988 3.3161182
v 0.0208467 -0.0183537 0.0375700
vn -1.5648234 2.7103422 3.3161306
v 0.0195277 -0.0199257 0.0375700
vn -2.7103434 1.5648201 3.3161347
v 0.0206257 -0.0188277 0.0375700
vn -2.3974395 2.0116961 3.3161178
v 0.0203258 -0.0192560 0.0375700
vn -2.0117006 2.3974349 3.3161240
v 0.0199560 -0.0196258 0.0375700
vn 1.0703969 2.9408991 3.3161201
v 0.0170016 -0.0201467 0.0375700
vn 1.5648191 2.7103438 3.3161335
v 0.0165277 -0.0199257 0.0375700
vn 2.0116949 2.3974404 3.3161187
v 0.0160993 -0.0196258 0.0375700
vn -1.0703954 2.9408984 3.3161268
v 0.0190537 -0.0201467 0.0375700
vn -0.5434545 3.0820937 3.3161232
v 0.0185486 -0.0202821 0.0375700
vn 0.0000001 3.1296372 3.3161268
v 0.0180277 -0.0203277 0.0375700
vn 0.5434597 3.0820904 3.3161268
v 0.0175067 -0.0202821 0.0375700
vn 2.3974338 2.0117013 3.3161230
v 0.0157295 -0.0192560 0.0375700
vn 2.7103434 1.5648198 3.3161349
v 0.0154296 -0.0188277 0.0375700
vn 0.0000000 0.0000000 6.2831850
v 0.0144716 -0.0176038 0.0375700
vn 2.9408984 1.0703988 3.3161182
v 0.0152086 -0.0183537 0.0375700
vn 3.0820901 0.5434564 3.3161321
v 0.0150732 -0.0178486 0.0375700
vn 0.2727700 -3.1177278 3.3161283
v 0.0106540 -0.0193191 0.0375700
vn -0.2727682 -3.1177278 3.3161268
v 0.0111769 -0.0193191 0.0375700
vn 3.1177275 0.2727690 3.3161280
v -0.0132040 -0.0225692 0.0375700
vn 3.1177275 -0.2727691 3.3161278
v -0.0132040 -0.0220462 0.0375700
vn 3.0229979 -0.8100103 3.3161216
v -0.0131132 -0.0215312 0.0375700
vn 2.8364158 -1.3226391 3.3161273
v -0.0129344 -0.0210398 0.0375700
vn 2.5636511 -1.7950834 3.3161235
v -0.0126729 -0.0205870 0.0375700
vn 2.2129908 -2.2129846 3.3161273
v -0.0123368 -0.0201864 0.0375700
vn 1.7950840 -2.5636497 3.3161280
v -0.0119362 -0.0198502 0.0375700
vn 1.3226383 -2.8364162 3.3161242
v -0.0114833 -0.0195888 0.0375700
vn 0.8100111 -3.0229976 3.3161235
v -0.0109919 -0.0194099 0.0375700
vn 0.8100094 -3.0229983 3.3161194
v 0.0101390 -0.0194099 0.0375700
vn -0.8100111 -3.0229971 3.3161235
v 0.0116919 -0.0194099 0.0375700
vn -1.3226385 -2.8364167 3.3161242
v 0.0121833 -0.0195888 0.0375700
vn -1.7950842 -2.5636497 3.3161280
v 0.0126362 -0.0198502 0.0375700
vn -2.2129912 2.2129843 3.3161278
v 0.0130368 -0.0244290 0.0375700
vn -2.5636466 1.7950912 3.3161168
v 0.0133729 -0.0240284 0.0375700
vn -2.8364134 1.3226407 3.3161378
v 0.0136344 -0.0235756 0.0375700
vn 1.1111161 -2.9382801 3.1665335
v 0.0096476 -0.0195888 0.0375700
vn -0.8100103 -3.0229979 3.3161247
v -0.0094390 -0.0194099 0.0375700
vn -0.2727691 -3.1177275 3.3161278
v -0.0099540 -0.0193191 0.0375700
vn 0.2727680 -3.1177275 3.3161268
v -0.0104769 -0.0193191 0.0375700
vn -2.8364127 -1.3226423 3.3161368
v 0.0136344 -0.0210398 0.0375700
vn -3.0230000 -0.8100052 3.3161180
v 0.0138132 -0.0215312 0.0375700
vn 2.8364165 1.3226372 3.3161287
v -0.0129344 -0.0235756 0.0375700
vn 3.0229983 0.8100083 3.3161204
v -0.0131132 -0.0230842 0.0375700
vn -2.2129934 -2.2129812 3.3161302
v 0.0130368 -0.0201864 0.0375700
vn -2.5636492 -1.7950886 3.3161147
v 0.0133729 -0.0205870 0.0375700
vn -3.1177275 -0.2727690 3.3161278
v 0.0139040 -0.0220462 0.0375700
vn -3.1177275 0.2727691 3.3161280
v 0.0139040 -0.0225692 0.0375700
vn -3.0230002 0.8100035 3.3161170
v 0.0138132 -0.0230842 0.0375700
vn 1.3706479 2.8180482 3.2833984
v -0.0114833 -0.0250266 0.0375700
vn 1.7950842 2.5636497 3.3161283
v -0.0119362 -0.0247652 0.0375700
vn 2.2129884 2.2129874 3.3161249
v -0.0123368 -0.0244290 0.0375700
vn 2.5636492 1.7950863 3.3161259
v -0.0126729 -0.0240284 0.0375700
vn -1.1111176 -2.9382787 3.1665280
v -0.0089476 -0.0195888 0.0375700
vn -0.9614824 -2.9844360 3.0169249
v -0.0063962 -0.0205901 0.0375700
vn 0.9614823 -2.9844358 3.0169263
v 0.0070962 -0.0205901 0.0375700
vn 0.5829245 -3.0808287 3.0169261
v 0.0044401 -0.0212665 0.0375700
vn 0.1953186 -3.1294022 3.0169249
v 0.0017204 -0.0216073 0.0375700
vn -0.5829245 -3.0808289 3.0169256
v -0.0037401 -0.0212665 0.0375700
vn -0.1953186 -3.1294022 3.0169265
v -0.0010204 -0.0216073 0.0375700
vn -1.7950840 2.5636497 3.3161283
v 0.0126362 -0.0247652 0.0375700
vn -1.3706475 2.8180475 3.2833986
v 0.0121833 -0.0250266 0.0375700
vn -1.0083307 2.9704452 3.2506757
v 0.0093503 -0.0261640 0.0375700
vn 1.0083307 2.9704452 3.2506762
v -0.0086503 -0.0261640 0.0375700
vn 0.6789536 3.0625637 3.2506757
v -0.0057103 -0.0269863 0.0375700
vn 0.3415071 3.1182766 3.2506752
v -0.0026983 -0.0274836 0.0375700
vn -0.0000000 3.1369214 3.2506766
v 0.0003500 -0.0276500 0.0375700
vn -0.3415071 3.1182764 3.2506752
v 0.0033983 -0.0274836 0.0375700
vn -0.6789536 3.0625639 3.2506757
v 0.0064103 -0.0269863 0.0375700
vn -2.9408960 1.0704033 3.3161216
v -0.0145086 -0.0183537 0.0375700
vn -2.7103438 1.5648208 3.3161287
v -0.0147296 -0.0188277 0.0375700
vn -2.3974392 2.0116949 3.3161230
v -0.0150295 -0.0192560 0.0375700
vn -2.0116949 2.3974392 3.3161235
v -0.0153993 -0.0196258 0.0375700
vn -1.5648185 2.7103448 3.3161299
v -0.0158277 -0.0199257 0.0375700
vn -1.0703959 2.9408984 3.3161225
v -0.0163016 -0.0201467 0.0375700
vn -0.5434567 3.0820913 3.3161254
v -0.0168067 -0.0202821 0.0375700
vn 0.0000001 3.1296372 3.3161268
v -0.0173277 -0.0203277 0.0375700
vn 0.5434569 3.0820913 3.3161249
v -0.0178486 -0.0202821 0.0375700
vn 1.0703982 2.9408975 3.3161249
v -0.0183537 -0.0201467 0.0375700
vn 1.5648208 2.7103438 3.3161285
v -0.0188277 -0.0199257 0.0375700
vn 2.0116949 2.3974392 3.3161235
v -0.0192560 -0.0196258 0.0375700
vn 2.3974392 2.0116949 3.3161235
v -0.0196258 -0.0192560 0.0375700
vn 2.7103438 1.5648205 3.3161285
v -0.0199257 -0.0188277 0.0375700
vn 3.0933490 -0.4899378 3.2986732
v -0.0156999 0.0028921 0.0375700
vn 0.0000000 0.0000000 6.2831850
v -0.0181138 0.0091888 0.0375700
vn 3.1319082 -0.0000000 3.2986705
v -0.0159000 0.0003500 0.0375700
vn 3.0933490 0.4899379 3.2986732
v -0.0156999 -0.0021921 0.0375700
vn -2.2145934 2.2145936 3.2986732
v 0.0118405 -0.0111405 0.0375700
vn -1.8408878 2.5337682 3.2986727
v 0.0099015 -0.0127965 0.0375700
vn -1.4218565 2.7905509 3.2986708
v 0.0077273 -0.0141289 0.0375700
vn -0.9678142 2.9786215 3.2986729
v 0.0053715 -0.0151047 0.0375700
vn 1.8408878 2.5337682 3.2986727
v -0.0092015 -0.0127965 0.0375700
vn 1.4218562 2.7905512 3.2986710
v -0.0070273 -0.0141289 0.0375700
vn 0.9678140 2.9786210 3.2986724
v -0.0046715 -0.0151047 0.0375700
vn 2.2145936 2.2145934 3.2986732
v -0.0111405 -0.0111405 0.0375700
vn 2.5337682 1.8408878 3.2986722
v -0.0127965 -0.0092015 0.0375700
vn 0.0000000 0.0000000 6.2831879
v -0.0137716 -0.0084888 0.0375700
vn 2.7905509 1.4218562 3.2986708
v -0.0141289 -0.0070273 0.0375700
vn 2.9786215 0.9678140 3.2986724
v -0.0151047 -0.0046715 0.0375700
vn -0.4899377 3.0933492 3.2986732
v 0.0028921 -0.0156999 0.0375700
vn 0.0000000 3.1319082 3.2986705
v 0.0003500 -0.0159000 0.0375700
vn 0.4899380 3.0933490 3.2986732
v -0.0021921 -0.0156999 0.0375700
vn -2.5337682 1.8408878 3.2986722
v 0.0134965 -0.0092015 0.0375700
vn 0.0000000 0.0000000 6.2831945
v 0.0144716 -0.0084888 0.0375700
vn -2.7905512 1.4218562 3.2986708
v 0.0148289 -0.0070273 0.0375700
vn -2.9786210 0.9678140 3.2986724
v 0.0158047 -0.0046715 0.0375700
vn -2.9786215 -0.9678142 3.2986729
v 0.0158047 0.0053715 0.0375700
vn -3.0933492 -0.4899377 3.2986732
v 0.0163999 0.0028921 0.0375700
vn -3.1319082 0.0000000 3.2986705
v 0.0166000 0.0003500 0.0375700
vn -3.0933490 0.4899380 3.2986732
v 0.0163999 -0.0021921 0.0375700
vn 2.2145934 -2.2145936 3.2986732
v -0.0111405 0.0118405 0.0375700
vn 0.0000000 0.0000000 6.2831860
v -0.0137716 0.0183038 0.0375700
vn 2.5337682 -1.8408878 3.2986722
v -0.0127965 0.0099015 0.0375700
vn 0.0000000 0.0000000 6.2831836
v -0.0137716 0.0091888 0.0375700
vn 2.7905509 -1.4218566 3.2986708
v -0.0141289 0.0077273 0.0375700
vn 2.9786212 -0.9678141 3.2986729
v -0.0151047 0.0053715 0.0375700
vn -2.7905509 -1.4218565 3.2986708
v 0.0148289 0.0077273 0.0375700
vn 0.0000000 0.0000000 6.2831831
v 0.0144716 0.0091888 0.0375700
vn -2.5337682 -1.8408878 3.2986722
v 0.0134965 0.0099015 0.0375700
vn 0.0000000 0.0000000 6.2831888
v 0.0144716 0.0183038 0.0375700
vn -2.2145936 -2.2145934 3.2986732
v 0.0118405 0.0118405 0.0375700
vn 1.8408878 -2.5337682 3.2986727
v -0.0092015 0.0134965 0.0375700
vn 1.4218562 -2.7905509 3.2986710
v -0.0070273 0.0148289 0.0375700
vn 0.9678140 -2.9786215 3.2986724
v -0.0046715 0.0158047 0.0375700
vn 0.4899379 -3.0933490 3.2986732
v -0.0021921 0.0163999 0.0375700
vn -0.0000000 -3.1319082 3.2986705
v 0.0003500 0.0166000 0.0375700
vn -0.4899378 -3.0933490 3.2986732
v 0.0028921 0.0163999 0.0375700
vn -0.9678141 -2.9786212 3.2986729
v 0.0053715 0.0158047 0.0375700
vn -1.4218566 -2.7905509 3.2986708
v 0.0077273 0.0148289 0.0375700
vn -1.8408878 -2.5337682 3.2986727
v 0.0099015 0.0134965 0.0375700
vn -0.5434541 3.0820928 3.3161302
v 0.0185486 0.0150732 0.0375700
vn 0.0000001 3.1296382 3.3161197
v 0.0180277 0.0150277 0.0375700
vn 0.5434593 3.0820894 3.3161340
v 0.0175067 0.0150732 0.0375700
vn 1.0703974 2.9408996 3.3161135
v 0.0170016 0.0152086 0.0375700
vn 1.5648181 2.7103434 3.3161397
v 0.0165277 0.0154296 0.0375700
vn 2.0117013 2.3974347 3.3161182
v 0.0160993 0.0157295 0.0375700
vn 2.3974347 2.0117011 3.3161185
v 0.0157295 0.0160993 0.0375700
vn 3.0820897 0.5434592 3.3161335
v 0.0150732 0.0175067 0.0375700
vn 2.9408994 1.0703971 3.3161135
v 0.0152086 0.0170016 0.0375700
vn 2.7103434 1.5648180 3.3161397
v 0.0154296 0.0165277 0.0375700
vn 2.7103415 -1.5648227 3.3161364
v 0.0154296 0.0195277 0.0375700
vn 2.3974290 -2.0117071 3.3161235
v 0.0157295 0.0199560 0.0375700
vn 2.0116956 -2.3974404 3.3161135
v 0.0160993 0.0203258 0.0375700
vn 1.5648180 -2.7103434 3.3161397
v 0.0165277 0.0206257 0.0375700
vn 3.1296382 -0.0000001 3.3161197
v 0.0150277 0.0180277 0.0375700
vn 3.0820909 -0.5434538 3.3161302
v 0.0150732 0.0185486 0.0375700
vn 2.9409008 -1.0703967 3.3161204
v 0.0152086 0.0190537 0.0375700
vn 1.0703971 -2.9408994 3.3161135
v 0.0170016 0.0208467 0.0375700
vn 0.5434592 -3.0820897 3.3161337
v 0.0175067 0.0209821 0.0375700
vn -0.0000001 -3.1296382 3.3161197
v 0.0180277 0.0210277 0.0375700
vn 2.7103443 -1.5648179 3.3161359
v 0.0154296 -0.0158277 0.0375700
vn 2.3974338 -2.0117016 3.3161230
v 0.0157295 -0.0153993 0.0375700
vn 2.0116947 -2.3974404 3.3161185
v 0.0160993 -0.0150295 0.0375700
vn 1.5648191 -2.7103443 3.3161335
v 0.0165277 -0.0147296 0.0375700
vn 3.1296382 -0.0000001 3.3161197
v 0.0150277 -0.0173277 0.0375700
vn 3.0820901 -0.5434566 3.3161318
v 0.0150732 -0.0168067 0.0375700
vn 2.9408991 -1.0703967 3.3161168
v 0.0152086 -0.0163016 0.0375700
vn 1.0704018 -2.9408970 3.3161168
v 0.0170016 -0.0145086 0.0375700
vn 0.5434592 -3.0820897 3.3161337
v 0.0175067 -0.0143732 0.0375700
vn -0.0000001 -3.1296382 3.3161197
v 0.0180277 -0.0143277 0.0375700
vn 2.9408987 -1.0703961 3.3161235
v -0.0201467 -0.0163016 0.0375700
vn 3.0820913 -0.5434569 3.3161249
v -0.0202821 -0.0168067 0.0375700
vn 3.1296372 -0.0000001 3.3161268
v -0.0203277 -0.0173277 0.0375700
vn 2.7103448 -1.5648186 3.3161299
v -0.0199257 -0.0158277 0.0375700
vn 2.3974392 -2.0116949 3.3161235
v -0.0196258 -0.0153993 0.0375700
vn 2.0116949 -2.3974392 3.3161235
v -0.0192560 -0.0150295 0.0375700
vn -1.0704013 -2.9408970 3.3161201
v -0.0163016 -0.0145086 0.0375700
vn -1.5648186 -2.7103448 3.3161299
v -0.0158277 -0.0147296 0.0375700
vn -2.0116949 -2.3974392 3.3161232
v -0.0153993 -0.0150295 0.0375700
vn -2.3974392 -2.0116949 3.3161232
v -0.0150295 -0.0153993 0.0375700
vn 0.5434564 -3.0820901 3.3161321
v -0.0178486 -0.0143732 0.0375700
vn -0.0000001 -3.1296382 3.3161197
v -0.0173277 -0.0143277 0.0375700
vn -0.5434566 -3.0820901 3.3161321
v -0.0168067 -0.0143732 0.0375700
vn -2.7103448 -1.5648185 3.3161299
v -0.0147296 -0.0158277 0.0375700
vn -2.9408970 -1.0704012 3.3161201
v -0.0145086 -0.0163016 0.0375700
vn -3.0820901 -0.5434564 3.3161318
v -0.0143732 -0.0168067 0.0375700
vn 1.0703988 2.9408982 3.3161182
v -0.0183537 0.0152086 0.0375700
vn 1.5648201 2.7103434 3.3161345
v -0.0188277 0.0154296 0.0375700
vn 2.0117016 2.3974338 3.3161228
v -0.0192560 0.0157295 0.0375700
vn 2.3974404 2.0116947 3.3161187
v -0.0196258 0.0160993 0.0375700
vn 2.7103443 1.5648191 3.3161335
v -0.0199257 0.0165277 0.0375700
vn 2.9408984 1.0703965 3.3161197
v -0.0201467 0.0170016 0.0375700
vn 3.0820909 0.5434597 3.3161271
v -0.0202821 0.0175067 0.0375700
vn -2.0117013 2.3974338 3.3161230
v -0.0153993 0.0157295 0.0375700
vn -1.5648177 2.7103443 3.3161359
v -0.0158277 0.0154296 0.0375700
vn -2.9408975 1.0704020 3.3161168
v -0.0145086 0.0170016 0.0375700
vn -2.7103438 1.5648191 3.3161335
v -0.0147296 0.0165277 0.0375700
vn -2.3974404 2.0116949 3.3161187
v -0.0150295 0.0160993 0.0375700
vn -3.0820894 0.5434593 3.3161340
v -0.0143732 0.0175067 0.0375700
vn -3.1296382 0.0000001 3.3161197
v -0.0143277 0.0180277 0.0375700
vn -1.0703967 2.9408994 3.3161168
v -0.0163016 0.0152086 0.0375700
vn -0.5434564 3.0820901 3.3161318
v -0.0168067 0.0150732 0.0375700
vn 0.0000001 3.1296382 3.3161197
v -0.0173277 0.0150277 0.0375700
vn 0.5434566 3.0820901 3.3161321
v -0.0178486 0.0150732 0.0375700
vn -1.0703967 -2.9408991 3.3161168
v -0.0163016 0.0208467 0.0375700
vn -1.5648179 -2.7103443 3.3161361
v -0.0158277 0.0206257 0.0375700
vn -2.0116961 -2.3974395 3.3161178
v -0.0153993 0.0203258 0.0375700
vn -2.3974349 -2.0117006 3.3161240
v -0.0150295 0.0199560 0.0375700
vn -2.7103422 -1.5648234 3.3161306
v -0.0147296 0.0195277 0.0375700
vn -2.9408970 -1.0704006 3.3161235
v -0.0145086 0.0190537 0.0375700
vn -3.0820928 -0.5434541 3.3161299
v -0.0143732 0.0185486 0.0375700
vn 1.0703988 -2.9408984 3.3161182
v -0.0183537 0.0208467 0.0375700
vn 0.5434564 -3.0820901 3.3161321
v -0.0178486 0.0209821 0.0375700
vn -0.0000001 -3.1296382 3.3161197
v -0.0173277 0.0210277 0.0375700
vn -0.5434566 -3.0820901 3.3161321
v -0.0168067 0.0209821 0.0375700
vn 3.1296372 -0.0000001 3.3161268
v -0.0203277 0.0180277 0.0375700
vn 3.0820918 -0.5434541 3.3161230
v -0.0202821 0.0185486 0.0375700
vn 2.9409001 -1.0703959 3.3161271
v -0.0201467 0.0190537 0.0375700
vn 2.7103422 -1.5648234 3.3161306
v -0.0199257 0.0195277 0.0375700
vn 1.5648198 -2.7103434 3.3161345
v -0.0188277 0.0206257 0.0375700
vn 2.3974347 -2.0117006 3.3161237
v -0.0196258 0.0199560 0.0375700
vn 2.0116961 -2.3974397 3.3161178
v -0.0192560 0.0203258 0.0375700
vn 3.0229983 -0.8100076 3.3161211
v -0.0131132 0.0237841 0.0375700
vn 2.8364148 -1.3226396 3.3161302
v -0.0129344 0.0242755 0.0375700
vn 2.5636497 -1.7950859 3.3161221
v -0.0126729 0.0247284 0.0375700
vn 2.2129908 -2.2129846 3.3161273
v -0.0123368 0.0251290 0.0375700
vn -2.5636477 -1.7950909 3.3161130
v 0.0133729 0.0247284 0.0375700
vn -2.8364120 -1.3226430 3.3161397
v 0.0136344 0.0242755 0.0375700
vn -3.0230002 -0.8100025 3.3161178
v 0.0138132 0.0237841 0.0375700
vn 0.8100046 3.0230002 3.3161197
v 0.0101390 0.0201099 0.0375700
vn 0.2727701 3.1177273 3.3161280
v 0.0106540 0.0200191 0.0375700
vn -0.2727680 3.1177275 3.3161268
v 0.0111769 0.0200191 0.0375700
vn -0.8100062 3.0229993 3.3161201
v 0.0116919 0.0201099 0.0375700
vn -2.8364120 1.3226430 3.3161395
v 0.0136344 0.0217398 0.0375700
vn -2.5636477 1.7950909 3.3161128
v 0.0133729 0.0212870 0.0375700
vn -2.2129936 2.2129815 3.3161302
v 0.0130368 0.0208864 0.0375700
vn -0.2727690 3.1177275 3.3161273
v -0.0099540 0.0200191 0.0375700
vn 0.2727682 3.1177278 3.3161268
v -0.0104769 0.0200191 0.0375700
vn -1.7950840 2.5636497 3.3161280
v 0.0126362 0.0205502 0.0375700
vn -1.3226333 2.8364182 3.3161275
v 0.0121833 0.0202888 0.0375700
vn 1.7950842 2.5636497 3.3161280
v -0.0119362 0.0205502 0.0375700
vn 2.2129905 2.2129846 3.3161273
v -0.0123368 0.0208864 0.0375700
vn 2.5636497 1.7950857 3.3161218
v -0.0126729 0.0212870 0.0375700
vn 2.8364151 1.3226397 3.3161302
v -0.0129344 0.0217398 0.0375700
vn 3.0229983 0.8100094 3.3161197
v -0.0131132 0.0222312 0.0375700
vn 3.1177278 0.2727700 3.3161283
v -0.0132040 0.0227462 0.0375700
vn 3.1177278 -0.2727682 3.3161271
v -0.0132040 0.0232692 0.0375700
vn -3.1177275 -0.2727680 3.3161271
v 0.0139040 0.0232692 0.0375700
vn -3.1177273 0.2727701 3.3161283
v 0.0139040 0.0227462 0.0375700
vn -3.0230002 0.8100046 3.3161163
v 0.0138132 0.0222312 0.0375700
vn 0.9614824 2.9844360 3.0169265
v 0.0070962 0.0212901 0.0375700
vn 0.5829245 3.0808289 3.0169261
v 0.0044401 0.0219665 0.0375700
vn -1.1111128 2.9382815 3.1665344
v -0.0089476 0.0202888 0.0375700
vn 0.8100062 3.0229988 3.3161201
v -0.0109919 0.0201099 0.0375700
vn 1.3226335 2.8364184 3.3161275
v -0.0114833 0.0202888 0.0375700
vn -0.8100052 3.0230000 3.3161182
v -0.0094390 0.0201099 0.0375700
vn 1.1111107 2.9382811 3.1665325
v 0.0096476 0.0202888 0.0375700
vn 0.1953186 3.1294022 3.0169263
v 0.0017204 0.0223073 0.0375700
vn -0.1953186 3.1294022 3.0169249
v -0.0010204 0.0223073 0.0375700
vn -0.9614823 2.9844358 3.0169261
v -0.0063962 0.0212901 0.0375700
vn -0.5829245 3.0808287 3.0169261
v -0.0037401 0.0219665 0.0375700
vn -2.1692009 2.2583771 -3.3027005
v -0.0100409 0.0111680 0.0000700
vn -1.7788399 2.5770969 -3.3027010
v -0.0081710 0.0126948 0.0000700
vn -1.3424098 2.8290696 -3.3026991
v -0.0060804 0.0139018 0.0000700
vn -3.1314054 0.0000000 -3.3027010
v -0.0146500 0.0003500 0.0000700
vn -3.0908546 -0.5023134 -3.3026991
v -0.0144558 -0.0020562 0.0000700
vn -0.3774480 3.1085739 -3.3027003
v -0.0014581 0.0152406 0.0000700
vn 0.1260898 3.1288657 -3.3026993
v 0.0009540 0.0153378 0.0000700
vn 0.6263601 3.0681219 -3.3026986
v 0.0033504 0.0150469 0.0000700
vn -2.9702525 -0.9916151 -3.3027005
v -0.0138780 -0.0044000 0.0000700
vn 2.6466320 -1.6736307 -3.3027003
v 0.0130279 -0.0076670 0.0000700
vn 2.3438897 -2.0765076 -3.3026993
v 0.0115777 -0.0095968 0.0000700
vn 1.9804437 -2.4256020 -3.3026991
v 0.0098367 -0.0112691 0.0000700
vn 2.3438888 2.0765080 -3.3027003
v 0.0115777 0.0102968 0.0000700
vn 2.6466322 1.6736300 -3.3027000
v 0.0130279 0.0083670 0.0000700
vn 2.8808291 1.2274052 -3.3027010
v 0.0141497 0.0062295 0.0000700
vn -0.8712120 3.0077713 -3.3027000
v -0.0038233 0.0147578 0.0000700
vn -2.7727222 1.4552360 -3.3027010
v -0.0129318 0.0073208 0.0000700
vn -2.5033798 1.8811672 -3.3026996
v -0.0116416 0.0093611 0.0000700
vn -3.0908546 0.5023134 -3.3026991
v -0.0144558 0.0027562 0.0000700
vn -2.9702525 0.9916147 -3.3026996
v -0.0138780 0.0051000 0.0000700
vn -2.5033798 -1.8811672 -3.3027005
v -0.0116416 -0.0086611 0.0000700
vn -2.7727222 -1.4552358 -3.3026993
v -0.0129318 -0.0066208 0.0000700
vn 3.0404129 -0.7493932 -3.3026981
v 0.0149141 -0.0032397 0.0000700
vn 2.8808289 -1.2274052 -3.3027005
v 0.0141497 -0.0055295 0.0000700
vn 3.0404129 0.7493932 -3.3026986
v 0.0149141 0.0039397 0.0000700
vn 3.1199772 0.3152243 -3.2624226
v 0.0153014 0.0015570 0.0000700
vn 3.1390448 0.0000000 -3.2221475
v 0.0153500 0.0003500 0.0000700
vn 3.1199775 -0.3152243 -3.2624226
v 0.0153014 -0.0008570 0.0000700
vn -1.7788405 -2.5770960 -3.3027010
v -0.0081710 -0.0119948 0.0000700
vn -2.1692011 -2.2583771 -3.3026998
v -0.0100409 -0.0104680 0.0000700
vn 0.1260898 -3.1288657 -3.3026993
v 0.0009540 -0.0146378 0.0000700
vn -0.3774480 -3.1085739 -3.3027005
v -0.0014581 -0.0145406 0.0000700
vn -0.8712121 -3.0077713 -3.3026996
v -0.0038233 -0.0140578 0.0000700
vn 1.5657049 2.7118754 -3.3027010
v 0.0078500 0.0133404 0.0000700
vn 1.9804431 2.4256024 -3.3026974
v 0.0098367 0.0119691 0.0000700
vn 1.1104108 2.9279151 -3.3027012
v 0.0056691 0.0143752 0.0000700
vn -1.3424100 -2.8290696 -3.3026991
v -0.0060804 -0.0132018 0.0000700
vn 1.1104109 -2.9279153 -3.3027015
v 0.0056691 -0.0136752 0.0000700
vn 0.6263601 -3.0681221 -3.3026993
v 0.0033504 -0.0143469 0.0000700
vn 1.5657041 -2.7118759 -3.3026998
v 0.0078500 -0.0126404 0.0000700
vn 3.1199770 -0.3152243 -3.0207627
v 0.0153014 -0.0008570 -0.0069300
vn 3.1390448 -0.0000000 -3.0610378
v 0.0153500 0.0003500 -0.0069300
vn 3.1199775 0.3152243 -3.0207627
v 0.0153014 0.0015570 -0.0069300
vn 3.0404129 0.7493932 -2.9804864
v 0.0149141 0.0039397 -0.0069300
vn 2.8808289 1.2274052 -2.9804842
v 0.0141497 0.0062295 -0.0069300
vn 2.6466322 1.6736301 -2.9804850
v 0.0130279 0.0083670 -0.0069300
vn 2.3438888 2.0765080 -2.9804845
v 0.0115777 0.0102968 -0.0069300
vn 1.9804432 2.4256024 -2.9804878
v 0.0098367 0.0119691 -0.0069300
vn 1.5657048 2.7118754 -2.9804845
v 0.0078500 0.0133404 -0.0069300
vn 1.1104109 2.9279153 -2.9804842
v 0.0056691 0.0143752 -0.0069300
vn 0.6263600 3.0681221 -2.9804859
v 0.0033504 0.0150469 -0.0069300
vn 0.1260898 3.1288657 -2.9804859
v 0.0009540 0.0153378 -0.0069300
vn -0.3774480 3.1085739 -2.9804850
v -0.0014581 0.0152406 -0.0069300
vn -0.8712121 3.0077713 -2.9804847
v -0.0038233 0.0147578 -0.0069300
vn -1.3424100 2.8290696 -2.9804864
v -0.0060804 0.0139018 -0.0069300
vn -1.7788398 2.5770969 -2.9804850
v -0.0081710 0.0126948 -0.0069300
vn -2.1692009 2.2583771 -2.9804847
v -0.0100409 0.0111680 -0.0069300
vn -2.5033798 1.8811672 -2.9804857
v -0.0116416 0.0093611 -0.0069300
vn -2.7727222 1.4552360 -2.9804850
v -0.0129318 0.0073208 -0.0069300
vn -2.9702525 0.9916147 -2.9804854
v -0.0138780 0.0051000 -0.0069300
vn -3.0908546 0.5023134 -2.9804864
v -0.0144558 0.0027562 -0.0069300
vn -3.1314054 -0.0000000 -2.9804838
v -0.0146500 0.0003500 -0.0069300
vn -3.0908546 -0.5023134 -2.9804864
v -0.0144558 -0.0020562 -0.0069300
vn -2.9702523 -0.9916151 -2.9804852
v -0.0138780 -0.0044000 -0.0069300
vn -2.7727222 -1.4552357 -2.9804854
v -0.0129318 -0.0066208 -0.0069300
vn -2.5033798 -1.8811672 -2.9804850
v -0.0116416 -0.0086611 -0.0069300
vn -2.1692011 -2.2583771 -2.9804859
v -0.0100409 -0.0104680 -0.0069300
vn -1.7788405 -2.5770960 -2.9804842
v -0.0081710 -0.0119948 -0.0069300
vn -1.3424100 -2.8290696 -2.9804864
v -0.0060804 -0.0132018 -0.0069300
vn -0.8712120 -3.0077713 -2.9804847
v -0.0038233 -0.0140578 -0.0069300
vn -0.3774479 -3.1085739 -2.9804850
v -0.0014581 -0.0145406 -0.0069300
vn 0.1260898 -3.1288657 -2.9804859
v 0.0009540 -0.0146378 -0.0069300
vn 0.6263601 -3.0681219 -2.9804859
v 0.0033504 -0.0143469 -0.0069300
vn 1.1104108 -2.9279151 -2.9804842
v 0.0056691 -0.0136752 -0.0069300
vn 1.5657041 -2.7118759 -2.9804850
v 0.0078500 -0.0126404 -0.0069300
vn 1.9804437 -2.4256020 -2.9804862
v 0.0098367 -0.0112691 -0.0069300
vn 2.3438897 -2.0765076 -2.9804864
v 0.0115777 -0.0095968 -0.0069300
vn 2.6466320 -1.6736308 -2.9804845
v 0.0130279 -0.0076670 -0.0069300
vn 2.8808291 -1.2274052 -2.9804842
v 0.0141497 -0.0055295 -0.0069300
vn 3.0404129 -0.7493932 -2.9804864
v 0.0149141 -0.0032397 -0.0069300
vn 0.0000000 0.0000000 -6.2831821
v 0.0003500 0.0003500 -0.0069300
vn 3.1319084 0.0000000 2.9845142
v -0.0159000 0.0003500 0.0275700
vn 3.0933490 0.4899380 2.9845121
v -0.0156999 -0.0021921 0.0275700
vn 2.9786210 0.9678140 2.9845128
v -0.0151047 -0.0046715 0.0275700
vn 2.7905512 1.4218562 2.9845142
v -0.0141289 -0.0070273 0.0275700
vn 2.5337682 1.8408878 2.9845128
v -0.0127965 -0.0092015 0.0275700
vn 2.2145934 2.2145934 2.9845119
v -0.0111405 -0.0111405 0.0275700
vn 1.8408878 2.5337682 2.9845128
v -0.0092015 -0.0127965 0.0275700
vn 1.4218562 2.7905509 2.9845142
v -0.0070273 -0.0141289 0.0275700
vn 0.9678140 2.9786215 2.9845128
v -0.0046715 -0.0151047 0.0275700
vn 0.4899379 3.0933490 2.9845121
v -0.0021921 -0.0156999 0.0275700
vn -0.0000000 3.1319082 2.9845142
v 0.0003500 -0.0159000 0.0275700
vn -0.4899377 3.0933490 2.9845123
v 0.0028921 -0.0156999 0.0275700
vn -0.9678141 2.9786212 2.9845123
v 0.0053715 -0.0151047 0.0275700
vn -1.4218566 2.7905509 2.9845147
v 0.0077273 -0.0141289 0.0275700
vn -1.8408878 2.5337682 2.9845128
v 0.0099015 -0.0127965 0.0275700
vn -2.2145934 2.2145934 2.9845119
v 0.0118405 -0.0111405 0.0275700
vn -2.5337682 1.8408878 2.9845128
v 0.0134965 -0.0092015 0.0275700
vn -2.7905509 1.4218562 2.9845142
v 0.0148289 -0.0070273 0.0275700
vn -2.9786215 0.9678140 2.9845128
v 0.0158047 -0.0046715 0.0275700
vn -3.0933490 0.4899379 2.9845121
v 0.0163999 -0.0021921 0.0275700
vn -3.1319082 -0.0000000 2.9845142
v 0.0166000 0.0003500 0.0275700
vn -3.0933490 -0.4899377 2.9845123
v 0.0163999 0.0028921 0.0275700
vn -2.9786212 -0.9678141 2.9845123
v 0.0158047 0.0053715 0.0275700
vn -2.7905509 -1.4218566 2.9845147
v 0.0148289 0.0077273 0.0275700
vn -2.5337682 -1.8408878 2.9845128
v 0.0134965 0.0099015 0.0275700
vn -2.2145934 -2.2145934 2.9845119
v 0.0118405 0.0118405 0.0275700
vn -1.8408878 -2.5337682 2.9845128
v 0.0099015 0.0134965 0.0275700
vn -1.4218565 -2.7905509 2.9845147
v 0.0077273 0.0148289 0.0275700
vn -0.9678142 -2.9786215 2.9845123
v 0.0053715 0.0158047 0.0275700
vn -0.4899377 -3.0933492 2.9845123
v 0.0028921 0.0163999 0.0275700
vn 0.0000000 -3.1319082 2.9845142
v 0.0003500 0.0166000 0.0275700
vn 0.4899380 -3.0933490 2.9845121
v -0.0021921 0.0163999 0.0275700
vn 0.9678140 -2.9786210 2.9845128
v -0.0046715 0.0158047 0.0275700
vn 1.4218562 -2.7905512 2.9845142
v -0.0070273 0.0148289 0.0275700
vn 1.8408878 -2.5337682 2.9845128
v -0.0092015 0.0134965 0.0275700
vn 2.2145934 -2.2145934 2.9845119
v -0.0111405 0.0118405 0.0275700
vn 2.5337682 -1.8408878 2.9845128
v -0.0127965 0.0099015 0.0275700
vn 2.7905509 -1.4218565 2.9845147
v -0.0141289 0.0077273 0.0275700
vn 2.9786215 -0.9678142 2.9845123
v -0.0151047 0.0053715 0.0275700
vn 3.0933492 -0.4899377 2.9845123
v -0.0156999 0.0028921 0.0275700
vn 0.0000000 0.0000000 6.2831993
v 0.0003500 0.0003500 0.0275700
vn 3.1296382 0.0000001 2.9670656
v 0.0150277 0.0180277 0.0275700
vn 3.0820894 0.5434593 2.9670515
v 0.0150732 0.0175067 0.0275700
vn 2.9408996 1.0703974 2.9670720
v 0.0152086 0.0170016 0.0275700
vn 2.7103434 1.5648181 2.9670458
v 0.0154296 0.0165277 0.0275700
vn 2.3974347 2.0117013 2.9670670
v 0.0157295 0.0160993 0.0275700
vn 2.0117011 2.3974347 2.9670670
v 0.0160993 0.0157295 0.0275700
vn 1.5648180 2.7103434 2.9670458
v 0.0165277 0.0154296 0.0275700
vn 1.0703971 2.9408994 2.9670720
v 0.0170016 0.0152086 0.0275700
vn 0.5434592 3.0820897 2.9670515
v 0.0175067 0.0150732 0.0275700
vn -0.0000001 3.1296382 2.9670656
v 0.0180277 0.0150277 0.0275700
vn -0.5434538 3.0820909 2.9670553
v 0.0185486 0.0150732 0.0275700
vn -1.0703967 2.9409008 2.9670653
v 0.0190537 0.0152086 0.0275700
vn -1.5648227 2.7103415 2.9670486
v 0.0195277 0.0154296 0.0275700
vn -2.0117068 2.3974290 2.9670620
v 0.0199560 0.0157295 0.0275700
vn -2.3974404 2.0116956 2.9670720
v 0.0203258 0.0160993 0.0275700
vn -2.7103434 1.5648180 2.9670458
v 0.0206257 0.0165277 0.0275700
vn -2.9408994 1.0703971 2.9670720
v 0.0208467 0.0170016 0.0275700
vn -3.0820897 0.5434592 2.9670515
v 0.0209821 0.0175067 0.0275700
vn -3.1296382 -0.0000001 2.9670656
v 0.0210277 0.0180277 0.0275700
vn -3.0820909 -0.5434538 2.9670553
v 0.0209821 0.0185486 0.0275700
vn -2.9409008 -1.0703967 2.9670653
v 0.0208467 0.0190537 0.0275700
vn -2.7103415 -1.5648227 2.9670486
v 0.0206257 0.0195277 0.0275700
vn -2.3974347 -2.0117013 2.9670670
v 0.0203258 0.0199560 0.0275700
vn -2.0117016 -2.3974352 2.9670670
v 0.0199560 0.0203258 0.0275700
vn -1.5648224 -2.7103415 2.9670486
v 0.0195277 0.0206257 0.0275700
vn -1.0703961 -2.9408991 2.9670653
v 0.0190537 0.0208467 0.0275700
vn -0.5434541 -3.0820928 2.9670553
v 0.0185486 0.0209821 0.0275700
vn 0.0000001 -3.1296382 2.9670656
v 0.0180277 0.0210277 0.0275700
vn 0.5434593 -3.0820894 2.9670515
v 0.0175067 0.0209821 0.0275700
vn 1.0703974 -2.9408996 2.9670720
v 0.0170016 0.0208467 0.0275700
vn 1.5648181 -2.7103434 2.9670458
v 0.0165277 0.0206257 0.0275700
vn 2.0116959 -2.3974404 2.9670720
v 0.0160993 0.0203258 0.0275700
vn 2.3974292 -2.0117068 2.9670620
v 0.0157295 0.0199560 0.0275700
vn 2.7103415 -1.5648224 2.9670486
v 0.0154296 0.0195277 0.0275700
vn 2.9408991 -1.0703961 2.9670653
v 0.0152086 0.0190537 0.0275700
vn 3.0820928 -0.5434541 2.9670553
v 0.0150732 0.0185486 0.0275700
vn 0.0000000 0.0000000 6.2831922
v 0.0180277 0.0180277 0.0275700
vn 3.1296382 0.0000001 2.9670656
v 0.0150277 -0.0173277 0.0275700
vn 3.0820901 0.5434566 2.9670534
v 0.0150732 -0.0178486 0.0275700
vn 2.9408982 1.0703989 2.9670670
v 0.0152086 -0.0183537 0.0275700
vn 2.7103434 1.5648201 2.9670506
v 0.0154296 -0.0188277 0.0275700
vn 2.3974338 2.0117016 2.9670625
v 0.0157295 -0.0192560 0.0275700
vn 2.0116947 2.3974404 2.9670665
v 0.0160993 -0.0196258 0.0275700
vn 1.5648191 2.7103443 2.9670517
v 0.0165277 -0.0199257 0.0275700
vn 1.0703965 2.9408984 2.9670653
v 0.0170016 -0.0201467 0.0275700
vn 0.5434597 3.0820909 2.9670587
v 0.0175067 -0.0202821 0.0275700
vn -0.0000001 3.1296372 2.9670584
v 0.0180277 -0.0203277 0.0275700
vn -0.5434541 3.0820918 2.9670622
v 0.0185486 -0.0202821 0.0275700
vn -1.0703959 2.9409001 2.9670587
v 0.0190537 -0.0201467 0.0275700
vn -1.5648234 2.7103422 2.9670548
v 0.0195277 -0.0199257 0.0275700
vn -2.0117006 2.3974347 2.9670615
v 0.0199560 -0.0196258 0.0275700
vn -2.3974397 2.0116961 2.9670675
v 0.0203258 -0.0192560 0.0275700
vn -2.7103434 1.5648198 2.9670506
v 0.0206257 -0.0188277 0.0275700
vn -2.9408984 1.0703988 2.9670670
v 0.0208467 -0.0183537 0.0275700
vn -3.0820899 0.5434564 2.9670534
v 0.0209821 -0.0178486 0.0275700
vn -3.1296382 -0.0000001 2.9670656
v 0.0210277 -0.0173277 0.0275700
vn -3.0820901 -0.5434566 2.9670534
v 0.0209821 -0.0168067 0.0275700
vn -2.9408991 -1.0703967 2.9670687
v 0.0208467 -0.0163016 0.0275700
vn -2.7103443 -1.5648179 2.9670491
v 0.0206257 -0.0158277 0.0275700
vn -2.3974395 -2.0116961 2.9670675
v 0.0203258 -0.0153993 0.0275700
vn -2.0117006 -2.3974349 2.9670615
v 0.0199560 -0.0150295 0.0275700
vn -1.5648234 -2.7103422 2.9670548
v 0.0195277 -0.0147296 0.0275700
vn -1.0704006 -2.9408970 2.9670620
v 0.0190537 -0.0145086 0.0275700
vn -0.5434541 -3.0820928 2.9670553
v 0.0185486 -0.0143732 0.0275700
vn 0.0000001 -3.1296382 2.9670656
v 0.0180277 -0.0143277 0.0275700
vn 0.5434593 -3.0820894 2.9670515
v 0.0175067 -0.0143732 0.0275700
vn 1.0704020 -2.9408975 2.9670687
v 0.0170016 -0.0145086 0.0275700
vn 1.5648191 -2.7103438 2.9670520
v 0.0165277 -0.0147296 0.0275700
vn 2.0116949 -2.3974404 2.9670665
v 0.0160993 -0.0150295 0.0275700
vn 2.3974338 -2.0117016 2.9670625
v 0.0157295 -0.0153993 0.0275700
vn 2.7103443 -1.5648177 2.9670491
v 0.0154296 -0.0158277 0.0275700
vn 2.9408994 -1.0703967 2.9670687
v 0.0152086 -0.0163016 0.0275700
vn 3.0820899 -0.5434564 2.9670534
v 0.0150732 -0.0168067 0.0275700
vn 0.0000000 0.0000000 6.2831898
v 0.0180277 -0.0173277 0.0275700
vn 3.1296372 0.0000001 2.9670584
v -0.0203277 -0.0173277 0.0275700
vn 3.0820913 0.5434569 2.9670606
v -0.0202821 -0.0178486 0.0275700
vn 2.9408975 1.0703982 2.9670603
v -0.0201467 -0.0183537 0.0275700
vn 2.7103438 1.5648208 2.9670568
v -0.0199257 -0.0188277 0.0275700
vn 2.3974392 2.0116949 2.9670620
v -0.0196258 -0.0192560 0.0275700
vn 2.0116949 2.3974392 2.9670620
v -0.0192560 -0.0196258 0.0275700
vn 1.5648205 2.7103438 2.9670568
v -0.0188277 -0.0199257 0.0275700
vn 1.0703981 2.9408977 2.9670603
v -0.0183537 -0.0201467 0.0275700
vn 0.5434567 3.0820913 2.9670606
v -0.0178486 -0.0202821 0.0275700
vn -0.0000001 3.1296372 2.9670584
v -0.0173277 -0.0203277 0.0275700
vn -0.5434569 3.0820913 2.9670606
v -0.0168067 -0.0202821 0.0275700
vn -1.0703962 2.9408987 2.9670620
v -0.0163016 -0.0201467 0.0275700
vn -1.5648186 2.7103448 2.9670553
v -0.0158277 -0.0199257 0.0275700
vn -2.0116949 2.3974392 2.9670620
v -0.0153993 -0.0196258 0.0275700
vn -2.3974392 2.0116949 2.9670620
v -0.0150295 -0.0192560 0.0275700
vn -2.7103438 1.5648205 2.9670568
v -0.0147296 -0.0188277 0.0275700
vn -2.9408963 1.0704033 2.9670639
v -0.0145086 -0.0183537 0.0275700
vn -3.0820899 0.5434564 2.9670534
v -0.0143732 -0.0178486 0.0275700
vn -3.1296382 -0.0000001 2.9670656
v -0.0143277 -0.0173277 0.0275700
vn -3.0820901 -0.5434566 2.9670534
v -0.0143732 -0.0168067 0.0275700
vn -2.9408970 -1.0704013 2.9670653
v -0.0145086 -0.0163016 0.0275700
vn -2.7103448 -1.5648186 2.9670553
v -0.0147296 -0.0158277 0.0275700
vn -2.3974392 -2.0116949 2.9670620
v -0.0150295 -0.0153993 0.0275700
vn -2.0116949 -2.3974392 2.9670620
v -0.0153993 -0.0150295 0.0275700
vn -1.5648185 -2.7103448 2.9670553
v -0.0158277 -0.0147296 0.0275700
vn -1.0704012 -2.9408970 2.9670653
v -0.0163016 -0.0145086 0.0275700
vn -0.5434564 -3.0820899 2.9670534
v -0.0168067 -0.0143732 0.0275700
vn 0.0000001 -3.1296382 2.9670656
v -0.0173277 -0.0143277 0.0275700
vn 0.5434566 -3.0820901 2.9670534
v -0.0178486 -0.0143732 0.0275700
vn 1.0704035 -2.9408960 2.9670639
v -0.0183537 -0.0145086 0.0275700
vn 1.5648208 -2.7103438 2.9670568
v -0.0188277 -0.0147296 0.0275700
vn 2.0116949 -2.3974392 2.9670620
v -0.0192560 -0.0150295 0.0275700
vn 2.3974392 -2.0116949 2.9670620
v -0.0196258 -0.0153993 0.0275700
vn 2.7103448 -1.5648185 2.9670553
v -0.0199257 -0.0158277 0.0275700
vn 2.9408984 -1.0703959 2.9670620
v -0.0201467 -0.0163016 0.0275700
vn 3.0820913 -0.5434567 2.9670606
v -0.0202821 -0.0168067 0.0275700
vn 0.0000000 0.0000000 6.2831888
v -0.0173277 -0.0173277 0.0275700
vn 3.1296372 0.0000001 2.9670584
v -0.0203277 0.0180277 0.0275700
vn 3.0820904 0.5434597 2.9670587
v -0.0202821 0.0175067 0.0275700
vn 2.9408991 1.0703969 2.9670653
v -0.0201467 0.0170016 0.0275700
vn 2.7103438 1.5648191 2.9670517
v -0.0199257 0.0165277 0.0275700
vn 2.3974404 2.0116949 2.9670665
v -0.0196258 0.0160993 0.0275700
vn 2.0117016 2.3974338 2.9670625
v -0.0192560 0.0157295 0.0275700
vn 1.5648198 2.7103434 2.9670506
v -0.0188277 0.0154296 0.0275700
vn 1.0703988 2.9408984 2.9670670
v -0.0183537 0.0152086 0.0275700
vn 0.5434564 3.0820899 2.9670534
v -0.0178486 0.0150732 0.0275700
vn -0.0000001 3.1296382 2.9670656
v -0.0173277 0.0150277 0.0275700
vn -0.5434566 3.0820901 2.9670534
v -0.0168067 0.0150732 0.0275700
vn -1.0703967 2.9408991 2.9670687
v -0.0163016 0.0152086 0.0275700
vn -1.5648179 2.7103443 2.9670491
v -0.0158277 0.0154296 0.0275700
vn -2.0117016 2.3974338 2.9670625
v -0.0153993 0.0157295 0.0275700
vn -2.3974404 2.0116947 2.9670665
v -0.0150295 0.0160993 0.0275700
vn -2.7103443 1.5648191 2.9670520
v -0.0147296 0.0165277 0.0275700
vn -2.9408970 1.0704018 2.9670687
v -0.0145086 0.0170016 0.0275700
vn -3.0820897 0.5434592 2.9670515
v -0.0143732 0.0175067 0.0275700
vn -3.1296382 -0.0000001 2.9670656
v -0.0143277 0.0180277 0.0275700
vn -3.0820909 -0.5434538 2.9670553
v -0.0143732 0.0185486 0.0275700
vn -2.9408984 -1.0704012 2.9670620
v -0.0145086 0.0190537 0.0275700
vn -2.7103422 -1.5648234 2.9670548
v -0.0147296 0.0195277 0.0275700
vn -2.3974347 -2.0117006 2.9670615
v -0.0150295 0.0199560 0.0275700
vn -2.0116961 -2.3974397 2.9670675
v -0.0153993 0.0203258 0.0275700
vn -1.5648177 -2.7103443 2.9670491
v -0.0158277 0.0206257 0.0275700
vn -1.0703967 -2.9408994 2.9670687
v -0.0163016 0.0208467 0.0275700
vn -0.5434564 -3.0820899 2.9670534
v -0.0168067 0.0209821 0.0275700
vn 0.0000001 -3.1296382 2.9670656
v -0.0173277 0.0210277 0.0275700
vn 0.5434566 -3.0820901 2.9670534
v -0.0178486 0.0209821 0.0275700
vn 1.0703989 -2.9408982 2.9670670
v -0.0183537 0.0208467 0.0275700
vn 1.5648201 -2.7103434 2.9670506
v -0.0188277 0.0206257 0.0275700
vn 2.0116961 -2.3974395 2.9670675
v -0.0192560 0.0203258 0.0275700
vn 2.3974349 -2.0117006 2.9670615
v -0.0196258 0.0199560 0.0275700
vn 2.7103422 -1.5648234 2.9670548
v -0.0199257 0.0195277 0.0275700
vn 2.9408984 -1.0703954 2.9670587
v -0.0201467 0.0190537 0.0275700
vn 3.0820937 -0.5434545 2.9670622
v -0.0202821 0.0185486 0.0275700
vn 0.0000000 0.0000000 6.2831898
v -0.0173277 0.0180277 0.0275700
vn 3.1296372 0.0000001 2.9670584
v -0.0276500 0.0003500 0.0275700
vn 3.0820913 0.5434569 2.9670603
v -0.0276044 -0.0001709 0.0275700
vn 2.9408956 1.0704029 2.9670572
v -0.0274691 -0.0006761 0.0275700
vn 2.7103462 1.5648190 2.9670651
v -0.0272481 -0.0011500 0.0275700
vn 2.3974409 2.0116916 2.9670546
v -0.0269481 -0.0015784 0.0275700
vn 2.0116935 2.3974416 2.9670653
v -0.0265784 -0.0019481 0.0275700
vn 1.5648170 2.7103453 2.9670529
v -0.0261500 -0.0022481 0.0275700
vn 1.0703988 2.9408984 2.9670670
v -0.0256761 -0.0024691 0.0275700
vn 0.5434564 3.0820899 2.9670534
v -0.0251709 -0.0026044 0.0275700
vn -0.0000001 3.1296382 2.9670656
v -0.0246500 -0.0026500 0.0275700
vn -0.5434566 3.0820901 2.9670534
v -0.0241291 -0.0026044 0.0275700
vn -1.0703967 2.9408991 2.9670687
v -0.0236239 -0.0024691 0.0275700
vn -1.5648179 2.7103443 2.9670491
v -0.0231500 -0.0022481 0.0275700
vn -2.0116961 2.3974395 2.9670675
v -0.0227216 -0.0019481 0.0275700
vn -2.3974385 2.0116954 2.9670575
v -0.0223519 -0.0015784 0.0275700
vn -2.7103455 1.5648179 2.9670589
v -0.0220519 -0.0011500 0.0275700
vn -2.9408977 1.0703981 2.9670606
v -0.0218309 -0.0006761 0.0275700
vn -3.0820913 0.5434567 2.9670603
v -0.0216956 -0.0001709 0.0275700
vn -3.1296372 -0.0000001 2.9670584
v -0.0216500 0.0003500 0.0275700
vn -3.0820913 -0.5434569 2.9670603
v -0.0216956 0.0008709 0.0275700
vn -2.9408975 -1.0703982 2.9670606
v -0.0218309 0.0013761 0.0275700
vn -2.7103457 -1.5648181 2.9670589
v -0.0220519 0.0018500 0.0275700
vn -2.3974380 -2.0116951 2.9670575
v -0.0223519 0.0022784 0.0275700
vn -2.0116961 -2.3974397 2.9670675
v -0.0227216 0.0026481 0.0275700
vn -1.5648177 -2.7103443 2.9670491
v -0.0231500 0.0029481 0.0275700
vn -1.0703967 -2.9408994 2.9670687
v -0.0236239 0.0031691 0.0275700
vn -0.5434564 -3.0820899 2.9670534
v -0.0241291 0.0033044 0.0275700
vn 0.0000001 -3.1296382 2.9670656
v -0.0246500 0.0033500 0.0275700
vn 0.5434566 -3.0820901 2.9670534
v -0.0251709 0.0033044 0.0275700
vn 1.0703989 -2.9408982 2.9670670
v -0.0256761 0.0031691 0.0275700
vn 1.5648174 -2.7103453 2.9670529
v -0.0261500 0.0029481 0.0275700
vn 2.0116932 -2.3974411 2.9670653
v -0.0265784 0.0026481 0.0275700
vn 2.3974411 -2.0116916 2.9670546
v -0.0269481 0.0022784 0.0275700
vn 2.7103462 -1.5648189 2.9670651
v -0.0272481 0.0018500 0.0275700
vn 2.9408956 -1.0704027 2.9670572
v -0.0274691 0.0013761 0.0275700
vn 3.0820913 -0.5434567 2.9670603
v -0.0276044 0.0008709 0.0275700
vn 0.0000000 0.0000000 6.2831869
v -0.0246500 0.0003500 0.0275700
vn -1.1111125 2.9382808 3.1166539
v -0.0089476 0.0202888 0.0275700
vn -0.9614824 2.9844360 3.2662590
v -0.0063962 0.0212901 0.0275700
vn -0.5829245 3.0808289 3.2662592
v -0.0037401 0.0219665 0.0275700
vn -0.1953186 3.1294022 3.2662592
v -0.0010204 0.0223073 0.0275700
vn 0.1953186 3.1294022 3.2662592
v 0.0017204 0.0223073 0.0275700
vn 0.5829245 3.0808287 3.2662592
v 0.0044401 0.0219665 0.0275700
vn 0.9614823 2.9844358 3.2662590
v 0.0070962 0.0212901 0.0275700
vn 1.1111112 2.9382820 3.1166530
v 0.0096476 0.0202888 0.0275700
vn 1.3706471 -2.8180487 2.9997792
v -0.0114833 0.0257266 0.0275700
vn 1.7950842 -2.5636497 2.9670570
v -0.0119362 0.0254651 0.0275700
vn 2.2129908 -2.2129846 2.9670582
v -0.0123368 0.0251290 0.0275700
vn 2.5636497 -1.7950857 2.9670634
v -0.0126729 0.0247284 0.0275700
vn 2.8364151 -1.3226397 2.9670551
v -0.0129344 0.0242755 0.0275700
vn 3.0229986 -0.8100075 2.9670644
v -0.0131132 0.0237841 0.0275700
vn 3.1177275 -0.2727680 2.9670582
v -0.0132040 0.0232692 0.0275700
vn 3.1177273 0.2727701 2.9670570
v -0.0132040 0.0227462 0.0275700
vn 3.0229986 0.8100095 2.9670649
v -0.0131132 0.0222312 0.0275700
vn 2.8364148 1.3226396 2.9670556
v -0.0129344 0.0217398 0.0275700
vn 2.5636497 1.7950859 2.9670641
v -0.0126729 0.0212870 0.0275700
vn 2.2129908 2.2129846 2.9670582
v -0.0123368 0.0208864 0.0275700
vn 1.7950841 2.5636497 2.9670572
v -0.0119362 0.0205502 0.0275700
vn 1.3226333 2.8364182 2.9670577
v -0.0114833 0.0202888 0.0275700
vn 0.8100061 3.0229993 2.9670651
v -0.0109919 0.0201099 0.0275700
vn 0.2727680 3.1177275 2.9670582
v -0.0104769 0.0200191 0.0275700
vn -0.2727691 3.1177275 2.9670577
v -0.0099540 0.0200191 0.0275700
vn -0.8100054 3.0229998 2.9670668
v -0.0094390 0.0201099 0.0275700
vn -1.3706466 -2.8180475 2.9997821
v 0.0121833 0.0257266 0.0275700
vn -1.0083307 -2.9704452 3.0325103
v 0.0093503 0.0268640 0.0275700
vn -0.6789545 -3.0625634 3.0325089
v 0.0064103 0.0276863 0.0275700
vn -0.3415071 -3.1182761 3.0325103
v 0.0033983 0.0281836 0.0275700
vn -0.0000000 -3.1369214 3.0325089
v 0.0003500 0.0283500 0.0275700
vn 0.3415071 -3.1182766 3.0325103
v -0.0026983 0.0281836 0.0275700
vn 0.6789545 -3.0625634 3.0325091
v -0.0057103 0.0276863 0.0275700
vn 1.0083306 -2.9704449 3.0325103
v -0.0086503 0.0268640 0.0275700
vn 0.8100044 3.0230002 2.9670687
v 0.0101390 0.0201099 0.0275700
vn 0.2727700 3.1177278 2.9670572
v 0.0106540 0.0200191 0.0275700
vn -0.2727682 3.1177278 2.9670582
v 0.0111769 0.0200191 0.0275700
vn -0.8100062 3.0229988 2.9670651
v 0.0116919 0.0201099 0.0275700
vn -1.3226335 2.8364184 2.9670577
v 0.0121833 0.0202888 0.0275700
vn -1.7950842 2.5636497 2.9670572
v 0.0126362 0.0205502 0.0275700
vn -2.2129936 2.2129812 2.9670553
v 0.0130368 0.0208864 0.0275700
vn -2.5636477 1.7950909 2.9670725
v 0.0133729 0.0212870 0.0275700
vn -2.8364120 1.3226430 2.9670455
v 0.0136344 0.0217398 0.0275700
vn -3.0230002 0.8100044 2.9670684
v 0.0138132 0.0222312 0.0275700
vn -3.1177278 0.2727700 2.9670570
v 0.0139040 0.0227462 0.0275700
vn -3.1177278 -0.2727682 2.9670587
v 0.0139040 0.0232692 0.0275700
vn -3.0230002 -0.8100026 2.9670670
v 0.0138132 0.0237841 0.0275700
vn -2.8364120 -1.3226430 2.9670458
v 0.0136344 0.0242755 0.0275700
vn -2.5636477 -1.7950909 2.9670720
v 0.0133729 0.0247284 0.0275700
vn -2.2129936 -2.2129815 2.9670556
v 0.0130368 0.0251290 0.0275700
vn -1.7950841 -2.5636497 2.9670568
v 0.0126362 0.0254651 0.0275700
vn -1.3706479 2.8180482 2.9997859
v 0.0121833 -0.0250266 0.0275700
vn -1.7950842 2.5636497 2.9670572
v 0.0126362 -0.0247652 0.0275700
vn -2.2129912 2.2129841 2.9670577
v 0.0130368 -0.0244290 0.0275700
vn -2.5636470 1.7950914 2.9670684
v 0.0133729 -0.0240284 0.0275700
vn -2.8364131 1.3226407 2.9670472
v 0.0136344 -0.0235756 0.0275700
vn -3.0230002 0.8100034 2.9670687
v 0.0138132 -0.0230842 0.0275700
vn -3.1177275 0.2727690 2.9670575
v 0.0139040 -0.0225692 0.0275700
vn -3.1177275 -0.2727691 2.9670577
v 0.0139040 -0.0220462 0.0275700
vn -3.0229998 -0.8100054 2.9670670
v 0.0138132 -0.0215312 0.0275700
vn -2.8364129 -1.3226426 2.9670486
v 0.0136344 -0.0210398 0.0275700
vn -2.5636489 -1.7950885 2.9670687
v 0.0133729 -0.0205870 0.0275700
vn -2.2129936 -2.2129815 2.9670553
v 0.0130368 -0.0201864 0.0275700
vn -1.7950841 -2.5636497 2.9670572
v 0.0126362 -0.0198502 0.0275700
vn -1.3226383 -2.8364162 2.9670610
v 0.0121833 -0.0195888 0.0275700
vn -0.8100111 -3.0229976 2.9670603
v 0.0116919 -0.0194099 0.0275700
vn -0.2727680 -3.1177275 2.9670582
v 0.0111769 -0.0193191 0.0275700
vn 0.2727701 -3.1177273 2.9670572
v 0.0106540 -0.0193191 0.0275700
vn 0.8100095 -3.0229986 2.9670653
v 0.0101390 -0.0194099 0.0275700
vn 1.1111157 -2.9382792 3.1166563
v 0.0096476 -0.0195888 0.0275700
vn 1.3706475 2.8180475 2.9997869
v -0.0114833 -0.0250266 0.0275700
vn 1.0083307 2.9704452 3.0325093
v -0.0086503 -0.0261640 0.0275700
vn 0.6789536 3.0625639 3.0325093
v -0.0057103 -0.0269863 0.0275700
vn 0.3415071 3.1182761 3.0325103
v -0.0026983 -0.0274836 0.0275700
vn 0.0000000 3.1369214 3.0325089
v 0.0003500 -0.0276500 0.0275700
vn -0.3415071 3.1182766 3.0325103
v 0.0033983 -0.0274836 0.0275700
vn -0.6789536 3.0625637 3.0325098
v 0.0064103 -0.0269863 0.0275700
vn -1.0083307 2.9704452 3.0325093
v 0.0093503 -0.0261640 0.0275700
vn -1.1111178 -2.9382796 3.1166606
v -0.0089476 -0.0195888 0.0275700
vn -0.8100102 -3.0229979 2.9670637
v -0.0094390 -0.0194099 0.0275700
vn -0.2727690 -3.1177275 2.9670603
v -0.0099540 -0.0193191 0.0275700
vn 0.2727682 -3.1177278 2.9670587
v -0.0104769 -0.0193191 0.0275700
vn 0.8100111 -3.0229971 2.9670618
v -0.0109919 -0.0194099 0.0275700
vn 1.3226385 -2.8364167 2.9670610
v -0.0114833 -0.0195888 0.0275700
vn 1.7950842 -2.5636497 2.9670575
v -0.0119362 -0.0198502 0.0275700
vn 2.2129908 -2.2129846 2.9670572
v -0.0123368 -0.0201864 0.0275700
vn 2.5636513 -1.7950834 2.9670618
v -0.0126729 -0.0205870 0.0275700
vn 2.8364158 -1.3226390 2.9670582
v -0.0129344 -0.0210398 0.0275700
vn 3.0229979 -0.8100102 2.9670658
v -0.0131132 -0.0215312 0.0275700
vn 3.1177275 -0.2727690 2.9670577
v -0.0132040 -0.0220462 0.0275700
vn 3.1177275 0.2727691 2.9670577
v -0.0132040 -0.0225692 0.0275700
vn 3.0229983 0.8100085 2.9670649
v -0.0131132 -0.0230842 0.0275700
vn 2.8364162 1.3226373 2.9670568
v -0.0129344 -0.0235756 0.0275700
vn 2.5636489 1.7950863 2.9670596
v -0.0126729 -0.0240284 0.0275700
vn 2.2129884 2.2129874 2.9670603
v -0.0123368 -0.0244290 0.0275700
vn 1.7950841 2.5636497 2.9670572
v -0.0119362 -0.0247652 0.0275700
vn 0.9614824 -2.9844360 3.2662592
v 0.0070962 -0.0205901 0.0275700
vn 0.5829245 -3.0808289 3.2662592
v 0.0044401 -0.0212665 0.0275700
vn 0.1953186 -3.1294022 3.2662592
v 0.0017204 -0.0216073 0.0275700
vn -0.1953186 -3.1294022 3.2662592
v -0.0010204 -0.0216073 0.0275700
vn -0.5829245 -3.0808287 3.2662592
v -0.0037401 -0.0212665 0.0275700
vn -0.9614823 -2.9844358 3.2662590
v -0.0063962 -0.0205901 0.0275700
# 874 vertices, 0 vertices normals

f 1//1 2//2 3//3
f 3//3 2//2 4//4
f 5//5 6//6 7//7
f 7//7 6//6 8//8
f 7//7 8//8 9//9
f 9//9 8//8 10//10
f 9//9 10//10 11//11
f 11//11 10//10 12//12
f 11//11 12//12 13//13
f 13//13 12//12 14//14
f 13//13 14//14 15//15
f 15//15 14//14 16//16
f 15//15 16//16 17//17
f 17//17 16//16 18//18
f 17//17 18//18 19//19
f 19//19 18//18 20//20
f 19//19 20//20 21//21
f 21//21 20//20 22//22
f 21//21 22//22 23//23
f 23//23 22//22 1//1
f 23//23 1//1 24//24
f 24//24 1//1 3//3
f 25//25 26//26 27//27
f 27//27 26//26 28//28
f 27//27 28//28 29//29
f 29//29 28//28 30//30
f 29//29 30//30 31//31
f 31//31 30//30 32//32
f 31//31 32//32 33//33
f 33//33 32//32 34//34
f 33//33 34//34 35//35
f 35//35 34//34 36//36
f 35//35 36//36 37//37
f 37//37 36//36 38//38
f 37//37 38//38 39//39
f 39//39 38//38 40//40
f 39//39 40//40 5//5
f 5//5 40//40 41//41
f 5//5 41//41 6//6
f 2//2 42//42 4//4
f 4//4 42//42 43//43
f 4//4 43//43 44//44
f 44//44 43//43 45//45
f 44//44 45//45 46//46
f 46//46 45//45 47//47
f 46//46 47//47 48//48
f 48//48 47//47 49//49
f 48//48 49//49 50//50
f 50//50 49//49 51//51
f 50//50 51//51 52//52
f 52//52 51//51 53//53
f 52//52 53//53 54//54
f 54//54 53//53 55//55
f 54//54 55//55 56//56
f 56//56 55//55 57//57
f 56//56 57//57 58//58
f 58//58 57//57 59//59
f 58//58 59//59 60//60
f 60//60 59//59 61//61
f 60//60 61//61 62//62
f 62//62 61//61 63//63
f 62//62 63//63 64//64
f 64//64 63//63 65//65
f 64//64 65//65 66//66
f 66//66 65//65 67//67
f 66//66 67//67 68//68
f 68//68 67//67 69//69
f 68//68 69//69 70//70
f 70//70 69//69 71//71
f 70//70 71//71 72//72
f 72//72 71//71 73//73
f 72//72 73//73 74//74
f 74//74 73//73 75//75
f 74//74 75//75 76//76
f 76//76 75//75 77//77
f 76//76 77//77 78//78
f 78//78 77//77 79//79
f 78//78 79//79 80//80
f 80//80 79//79 81//81
f 80//80 81//81 82//82
f 82//82 81//81 83//83
f 82//82 83//83 84//84
f 84//84 83//83 85//85
f 84//84 85//85 86//86
f 86//86 85//85 87//87
f 86//86 87//87 88//88
f 88//88 87//87 89//89
f 88//88 89//89 90//90
f 90//90 89//89 91//91
f 90//90 91//91 92//92
f 92//92 91//91 93//93
f 92//92 93//93 94//94
f 94//94 93//93 95//95
f 94//94 95//95 96//96
f 96//96 95//95 97//97
f 96//96 97//97 98//98
f 98//98 97//97 99//99
f 98//98 99//99 100//100
f 100//100 99//99 101//101
f 100//100 101//101 102//102
f 102//102 101//101 103//103
f 102//102 103//103 104//104
f 104//104 103//103 105//105
f 104//104 105//105 106//106
f 106//106 105//105 107//107
f 106//106 107//107 108//108
f 108//108 107//107 109//109
f 108//108 109//109 110//110
f 110//110 109//109 111//111
f 110//110 111//111 112//112
f 112//112 111//111 113//113
f 112//112 113//113 114//114
f 114//114 113//113 115//115
f 114//114 115//115 116//116
f 116//116 115//115 117//117
f 116//116 117//117 118//118
f 118//118 117//117 119//119
f 118//118 119//119 120//120
f 120//120 119//119 121//121
f 120//120 121//121 25//25
f 25//25 121//121 122//122
f 25//25 122//122 26//26
f 123//123 124//124 125//125
f 126//126 127//127 128//128
f 129//129 130//130 131//131
f 132//132 133//133 134//134
f 135//135 136//136 137//137
f 138//138 139//139 140//140
f 141//141 142//142 45//45
f 138//138 140//140 143//143
f 1//1 144//144 2//2
f 2//2 144//144 145//145
f 2//2 145//145 42//42
f 146//146 147//147 148//148
f 148//148 147//147 140//140
f 148//148 140//140 149//149
f 149//149 140//140 139//139
f 146//146 150//150 147//147
f 147//147 150//150 151//151
f 147//147 151//151 152//152
f 20//20 153//153 154//154
f 145//145 155//155 42//42
f 42//42 155//155 156//156
f 42//42 156//156 43//43
f 43//43 156//156 157//157
f 43//43 157//157 45//45
f 45//45 157//157 158//158
f 45//45 158//158 141//141
f 140//140 159//159 160//160
f 152//152 161//161 147//147
f 147//147 161//161 162//162
f 147//147 162//162 163//163
f 163//163 164//164 147//147
f 147//147 164//164 165//165
f 147//147 165//165 20//20
f 20//20 165//165 166//166
f 20//20 166//166 153//153
f 154//154 167//167 20//20
f 20//20 167//167 168//168
f 20//20 168//168 22//22
f 22//22 168//168 169//169
f 22//22 169//169 1//1
f 1//1 169//169 170//170
f 1//1 170//170 144//144
f 142//142 171//171 45//45
f 45//45 171//171 172//172
f 45//45 172//172 140//140
f 140//140 172//172 173//173
f 140//140 173//173 159//159
f 160//160 174//174 140//140
f 140//140 174//174 175//175
f 140//140 175//175 143//143
f 176//176 49//49 140//140
f 140//140 49//49 47//47
f 140//140 47//47 45//45
f 57//57 55//55 177//177
f 177//177 55//55 53//53
f 177//177 53//53 176//176
f 176//176 53//53 51//51
f 176//176 51//51 49//49
f 57//57 178//178 59//59
f 59//59 178//178 179//179
f 59//59 179//179 61//61
f 180//180 181//181 77//77
f 77//77 181//181 182//182
f 180//180 77//77 183//183
f 183//183 77//77 75//75
f 183//183 75//75 184//184
f 184//184 75//75 73//73
f 184//184 73//73 185//185
f 185//185 73//73 71//71
f 185//185 71//71 186//186
f 186//186 71//71 69//69
f 186//186 69//69 187//187
f 187//187 69//69 67//67
f 187//187 67//67 188//188
f 188//188 67//67 65//65
f 188//188 65//65 189//189
f 189//189 65//65 63//63
f 189//189 63//63 190//190
f 190//190 63//63 61//61
f 190//190 61//61 191//191
f 182//182 192//192 77//77
f 77//77 192//192 134//134
f 77//77 134//134 79//79
f 85//85 83//83 134//134
f 134//134 83//83 81//81
f 134//134 81//81 79//79
f 134//134 133//133 85//85
f 85//85 133//133 193//193
f 85//85 193//193 194//194
f 194//194 195//195 85//85
f 85//85 195//195 196//196
f 85//85 196//196 87//87
f 87//87 196//196 197//197
f 87//87 197//197 89//89
f 198//198 199//199 200//200
f 200//200 199//199 95//95
f 200//200 95//95 201//201
f 201//201 95//95 202//202
f 197//197 203//203 89//89
f 89//89 203//203 204//204
f 89//89 204//204 91//91
f 91//91 204//204 205//205
f 91//91 205//205 93//93
f 93//93 205//205 206//206
f 93//93 206//206 95//95
f 95//95 206//206 207//207
f 95//95 207//207 202//202
f 103//103 101//101 131//131
f 131//131 101//101 99//99
f 131//131 99//99 199//199
f 199//199 99//99 97//97
f 199//199 97//97 95//95
f 131//131 130//130 103//103
f 103//103 130//130 208//208
f 103//103 208//208 209//209
f 209//209 210//210 103//103
f 103//103 210//210 211//211
f 103//103 211//211 105//105
f 105//105 211//211 212//212
f 105//105 212//212 107//107
f 107//107 212//212 213//213
f 107//107 213//213 109//109
f 213//213 214//214 109//109
f 109//109 214//214 215//215
f 109//109 215//215 111//111
f 111//111 215//215 216//216
f 111//111 216//216 113//113
f 117//117 115//115 217//217
f 216//216 218//218 113//113
f 113//113 218//218 219//219
f 113//113 219//219 115//115
f 115//115 219//219 220//220
f 115//115 220//220 217//217
f 221//221 222//222 121//121
f 121//121 222//222 223//223
f 217//217 224//224 117//117
f 117//117 224//224 225//225
f 117//117 225//225 119//119
f 119//119 225//225 226//226
f 119//119 226//226 121//121
f 121//121 226//226 227//227
f 121//121 227//227 221//221
f 223//223 228//228 121//121
f 121//121 228//228 229//229
f 121//121 229//229 230//230
f 230//230 229//229 231//231
f 230//230 231//231 232//232
f 233//233 234//234 230//230
f 235//235 236//236 125//125
f 125//125 236//236 237//237
f 237//237 238//238 125//125
f 125//125 238//238 239//239
f 125//125 239//239 240//240
f 240//240 241//241 125//125
f 125//125 241//241 242//242
f 125//125 242//242 243//243
f 233//233 230//230 244//244
f 234//234 245//245 230//230
f 230//230 245//245 246//246
f 230//230 246//246 247//247
f 248//248 121//121 249//249
f 249//249 121//121 250//250
f 251//251 244//244 252//252
f 252//252 244//244 230//230
f 252//252 230//230 253//253
f 253//253 230//230 125//125
f 253//253 125//125 254//254
f 254//254 125//125 243//243
f 230//230 255//255 256//256
f 257//257 258//258 40//40
f 247//247 259//259 230//230
f 230//230 259//259 260//260
f 230//230 260//260 255//255
f 256//256 261//261 230//230
f 230//230 261//261 262//262
f 230//230 262//262 121//121
f 121//121 262//262 263//263
f 121//121 263//263 250//250
f 264//264 265//265 40//40
f 265//265 266//266 40//40
f 40//40 266//266 267//267
f 40//40 267//267 257//257
f 252//252 268//268 251//251
f 251//251 268//268 269//269
f 251//251 269//269 270//270
f 270//270 269//269 271//271
f 271//271 269//269 272//272
f 272//272 269//269 273//273
f 272//272 273//273 274//274
f 248//248 275//275 121//121
f 121//121 275//275 276//276
f 121//121 276//276 122//122
f 122//122 276//276 277//277
f 264//264 40//40 278//278
f 278//278 40//40 38//38
f 278//278 38//38 279//279
f 279//279 38//38 36//36
f 279//279 36//36 280//280
f 280//280 36//36 34//34
f 280//280 34//34 281//281
f 281//281 34//34 32//32
f 281//281 32//32 282//282
f 282//282 32//32 30//30
f 282//282 30//30 283//283
f 283//283 30//30 28//28
f 283//283 28//28 277//277
f 277//277 28//28 26//26
f 277//277 26//26 122//122
f 124//124 284//284 125//125
f 125//125 284//284 40//40
f 125//125 40//40 235//235
f 235//235 40//40 258//258
f 284//284 285//285 40//40
f 40//40 285//285 286//286
f 40//40 286//286 287//287
f 287//287 288//288 40//40
f 40//40 288//288 289//289
f 40//40 289//289 41//41
f 41//41 289//289 290//290
f 41//41 290//290 6//6
f 290//290 291//291 6//6
f 6//6 291//291 292//292
f 6//6 292//292 8//8
f 8//8 292//292 293//293
f 293//293 294//294 8//8
f 8//8 294//294 295//295
f 8//8 295//295 296//296
f 135//135 137//137 297//297
f 296//296 297//297 8//8
f 8//8 297//297 137//137
f 8//8 137//137 10//10
f 10//10 137//137 12//12
f 20//20 18//18 147//147
f 147//147 18//18 16//16
f 147//147 16//16 137//137
f 137//137 16//16 14//14
f 137//137 14//14 12//12
f 298//298 299//299 300//300
f 300//300 299//299 128//128
f 300//300 128//128 301//301
f 302//302 303//303 230//230
f 230//230 303//303 304//304
f 230//230 304//304 305//305
f 306//306 125//125 307//307
f 307//307 125//125 308//308
f 306//306 309//309 125//125
f 125//125 309//309 310//310
f 125//125 310//310 311//311
f 311//311 310//310 312//312
f 311//311 312//312 128//128
f 128//128 312//312 313//313
f 128//128 313//313 301//301
f 305//305 314//314 230//230
f 230//230 314//314 315//315
f 230//230 315//315 125//125
f 125//125 315//315 316//316
f 125//125 316//316 308//308
f 302//302 230//230 317//317
f 317//317 230//230 318//318
f 317//317 318//318 319//319
f 319//319 318//318 131//131
f 319//319 131//131 320//320
f 321//321 322//322 199//199
f 199//199 322//322 323//323
f 199//199 323//323 131//131
f 131//131 323//323 324//324
f 131//131 324//324 320//320
f 325//325 326//326 327//327
f 327//327 326//326 328//328
f 327//327 328//328 329//329
f 329//329 328//328 299//299
f 329//329 299//299 330//330
f 330//330 299//299 298//298
f 321//321 199//199 331//331
f 331//331 199//199 332//332
f 331//331 332//332 333//333
f 333//333 332//332 334//334
f 333//333 334//334 335//335
f 325//325 336//336 326//326
f 326//326 336//336 337//337
f 326//326 337//337 338//338
f 338//338 339//339 326//326
f 326//326 339//339 340//340
f 326//326 340//340 334//334
f 334//334 340//340 341//341
f 334//334 341//341 342//342
f 342//342 343//343 334//334
f 334//334 343//343 344//344
f 334//334 344//344 335//335
f 198//198 345//345 199//199
f 199//199 345//345 346//346
f 199//199 346//346 332//332
f 332//332 346//346 347//347
f 332//332 347//347 348//348
f 348//348 349//349 332//332
f 332//332 349//349 350//350
f 332//332 350//350 351//351
f 352//352 334//334 353//353
f 353//353 334//334 332//332
f 353//353 332//332 354//354
f 354//354 332//332 351//351
f 355//355 356//356 192//192
f 192//192 356//356 357//357
f 192//192 357//357 358//358
f 352//352 359//359 334//334
f 334//334 359//359 360//360
f 334//334 360//360 192//192
f 192//192 360//360 361//361
f 192//192 361//361 355//355
f 358//358 362//362 192//192
f 192//192 362//362 363//363
f 192//192 363//363 134//134
f 134//134 363//363 364//364
f 134//134 364//364 132//132
f 365//365 366//366 318//318
f 318//318 366//366 367//367
f 318//318 367//367 368//368
f 232//232 369//369 230//230
f 230//230 369//369 370//370
f 230//230 370//370 318//318
f 318//318 370//370 371//371
f 318//318 371//371 365//365
f 368//368 372//372 318//318
f 318//318 372//372 373//373
f 318//318 373//373 131//131
f 131//131 373//373 374//374
f 131//131 374//374 129//129
f 375//375 147//147 376//376
f 376//376 147//147 137//137
f 376//376 137//137 377//377
f 377//377 137//137 136//136
f 375//375 378//378 147//147
f 147//147 378//378 379//379
f 147//147 379//379 380//380
f 381//381 382//382 311//311
f 311//311 382//382 383//383
f 311//311 383//383 384//384
f 127//127 385//385 128//128
f 128//128 385//385 386//386
f 128//128 386//386 311//311
f 311//311 386//386 387//387
f 311//311 387//387 381//381
f 384//384 388//388 311//311
f 311//311 388//388 389//389
f 311//311 389//389 125//125
f 125//125 389//389 390//390
f 125//125 390//390 123//123
f 391//391 392//392 140//140
f 140//140 392//392 393//393
f 140//140 393//393 394//394
f 394//394 395//395 140//140
f 140//140 395//395 396//396
f 140//140 396//396 176//176
f 176//176 396//396 397//397
f 328//328 398//398 399//399
f 400//400 401//401 328//328
f 328//328 401//401 402//402
f 328//328 402//402 398//398
f 400//400 328//328 403//403
f 403//403 328//328 326//326
f 403//403 326//326 404//404
f 399//399 405//405 328//328
f 328//328 405//405 406//406
f 328//328 406//406 299//299
f 299//299 406//406 407//407
f 299//299 407//407 408//408
f 409//409 410//410 179//179
f 179//179 410//410 411//411
f 179//179 411//411 412//412
f 412//412 413//413 179//179
f 179//179 413//413 414//414
f 179//179 414//414 326//326
f 326//326 414//414 415//415
f 326//326 415//415 404//404
f 416//416 417//417 178//178
f 178//178 417//417 418//418
f 178//178 418//418 179//179
f 179//179 418//418 419//419
f 179//179 419//419 409//409
f 397//397 420//420 176//176
f 176//176 420//420 421//421
f 176//176 421//421 177//177
f 177//177 421//421 422//422
f 177//177 422//422 423//423
f 57//57 177//177 178//178
f 178//178 177//177 424//424
f 178//178 424//424 416//416
f 423//423 425//425 177//177
f 177//177 425//425 426//426
f 177//177 426//426 424//424
f 427//427 428//428 179//179
f 179//179 428//428 429//429
f 179//179 429//429 61//61
f 61//61 429//429 430//430
f 61//61 430//430 191//191
f 182//182 431//431 192//192
f 192//192 431//431 432//432
f 192//192 432//432 433//433
f 434//434 326//326 435//435
f 435//435 326//326 334//334
f 435//435 334//334 436//436
f 436//436 334//334 437//437
f 438//438 439//439 334//334
f 334//334 439//439 440//440
f 326//326 441//441 442//442
f 440//440 443//443 334//334
f 334//334 443//443 444//444
f 334//334 444//444 437//437
f 445//445 446//446 326//326
f 326//326 446//446 447//447
f 326//326 447//447 448//448
f 448//448 449//449 326//326
f 326//326 449//449 450//450
f 326//326 450//450 179//179
f 179//179 450//450 451//451
f 179//179 451//451 427//427
f 433//433 452//452 192//192
f 192//192 452//452 453//453
f 192//192 453//453 334//334
f 334//334 453//453 454//454
f 334//334 454//454 438//438
f 455//455 456//456 457//457
f 442//442 458//458 326//326
f 326//326 458//458 459//459
f 326//326 459//459 445//445
f 441//441 326//326 460//460
f 460//460 326//326 434//434
f 460//460 434//434 457//457
f 457//457 434//434 461//461
f 457//457 461//461 455//455
f 456//456 462//462 457//457
f 457//457 462//462 463//463
f 457//457 463//463 464//464
f 464//464 463//463 465//465
f 380//380 126//126 147//147
f 147//147 126//126 128//128
f 147//147 128//128 140//140
f 140//140 128//128 299//299
f 140//140 299//299 391//391
f 391//391 299//299 408//408
f 466//466 58//58 467//467
f 467//467 58//58 60//60
f 467//467 60//60 468//468
f 24//24 469//469 470//470
f 471//471 70//70 472//472
f 472//472 70//70 72//72
f 472//472 72//72 473//473
f 474//474 21//21 470//470
f 470//470 21//21 23//23
f 470//470 23//23 24//24
f 475//475 112//112 476//476
f 476//476 112//112 114//114
f 476//476 114//114 477//477
f 478//478 88//88 479//479
f 479//479 88//88 90//90
f 479//479 90//90 480//480
f 60//60 62//62 468//468
f 468//468 62//62 64//64
f 468//468 64//64 481//481
f 481//481 64//64 66//66
f 481//481 66//66 471//471
f 471//471 66//66 68//68
f 471//471 68//68 70//70
f 482//482 52//52 483//483
f 483//483 52//52 54//54
f 483//483 54//54 466//466
f 466//466 54//54 56//56
f 466//466 56//56 58//58
f 484//484 46//46 485//485
f 485//485 46//46 48//48
f 485//485 48//48 482//482
f 482//482 48//48 50//50
f 482//482 50//50 52//52
f 486//486 15//15 487//487
f 487//487 15//15 17//17
f 487//487 17//17 474//474
f 474//474 17//17 19//19
f 474//474 19//19 21//21
f 488//488 106//106 489//489
f 489//489 106//106 108//108
f 489//489 108//108 475//475
f 475//475 108//108 110//110
f 475//475 110//110 112//112
f 90//90 92//92 480//480
f 480//480 92//92 94//94
f 480//480 94//94 490//490
f 490//490 94//94 96//96
f 490//490 96//96 491//491
f 491//491 96//96 98//98
f 491//491 98//98 492//492
f 492//492 98//98 100//100
f 492//492 100//100 493//493
f 493//493 100//100 102//102
f 493//493 102//102 488//488
f 488//488 102//102 104//104
f 488//488 104//104 106//106
f 24//24 3//3 469//469
f 469//469 3//3 4//4
f 469//469 4//4 484//484
f 484//484 4//4 44//44
f 484//484 44//44 46//46
f 494//494 9//9 495//495
f 495//495 9//9 11//11
f 495//495 11//11 486//486
f 486//486 11//11 13//13
f 486//486 13//13 15//15
f 496//496 33//33 497//497
f 497//497 33//33 35//35
f 497//497 35//35 498//498
f 499//499 82//82 500//500
f 500//500 82//82 84//84
f 500//500 84//84 478//478
f 478//478 84//84 86//86
f 478//478 86//86 88//88
f 72//72 74//74 473//473
f 473//473 74//74 76//76
f 473//473 76//76 501//501
f 501//501 76//76 78//78
f 501//501 78//78 499//499
f 499//499 78//78 80//80
f 499//499 80//80 82//82
f 35//35 37//37 498//498
f 498//498 37//37 39//39
f 498//498 39//39 502//502
f 502//502 39//39 5//5
f 502//502 5//5 494//494
f 494//494 5//5 7//7
f 494//494 7//7 9//9
f 503//503 27//27 504//504
f 504//504 27//27 29//29
f 504//504 29//29 496//496
f 496//496 29//29 31//31
f 496//496 31//31 33//33
f 114//114 116//116 477//477
f 477//477 116//116 118//118
f 477//477 118//118 505//505
f 505//505 118//118 120//120
f 505//505 120//120 503//503
f 503//503 120//120 25//25
f 503//503 25//25 27//27
f 506//506 507//507 492//492
f 492//492 507//507 491//491
f 507//507 508//508 491//491
f 491//491 508//508 509//509
f 491//491 509//509 490//490
f 490//490 509//509 510//510
f 490//490 510//510 480//480
f 480//480 510//510 511//511
f 480//480 511//511 479//479
f 479//479 511//511 512//512
f 479//479 512//512 478//478
f 478//478 512//512 513//513
f 478//478 513//513 500//500
f 500//500 513//513 514//514
f 500//500 514//514 499//499
f 499//499 514//514 515//515
f 499//499 515//515 501//501
f 501//501 515//515 516//516
f 501//501 516//516 473//473
f 473//473 516//516 517//517
f 473//473 517//517 472//472
f 472//472 517//517 518//518
f 472//472 518//518 471//471
f 471//471 518//518 519//519
f 471//471 519//519 481//481
f 481//481 519//519 520//520
f 481//481 520//520 468//468
f 468//468 520//520 521//521
f 468//468 521//521 467//467
f 467//467 521//521 522//522
f 467//467 522//522 466//466
f 466//466 522//522 523//523
f 466//466 523//523 483//483
f 483//483 523//523 524//524
f 483//483 524//524 482//482
f 482//482 524//524 525//525
f 482//482 525//525 485//485
f 485//485 525//525 526//526
f 485//485 526//526 484//484
f 484//484 526//526 527//527
f 484//484 527//527 469//469
f 469//469 527//527 528//528
f 469//469 528//528 470//470
f 470//470 528//528 529//529
f 470//470 529//529 474//474
f 474//474 529//529 530//530
f 474//474 530//530 487//487
f 487//487 530//530 531//531
f 487//487 531//531 486//486
f 486//486 531//531 532//532
f 486//486 532//532 495//495
f 495//495 532//532 533//533
f 495//495 533//533 494//494
f 494//494 533//533 534//534
f 494//494 534//534 502//502
f 502//502 534//534 535//535
f 502//502 535//535 498//498
f 498//498 535//535 536//536
f 498//498 536//536 497//497
f 497//497 536//536 537//537
f 497//497 537//537 496//496
f 496//496 537//537 538//538
f 496//496 538//538 504//504
f 504//504 538//538 539//539
f 504//504 539//539 503//503
f 503//503 539//539 540//540
f 503//503 540//540 505//505
f 505//505 540//540 541//541
f 505//505 541//541 477//477
f 477//477 541//541 542//542
f 477//477 542//542 476//476
f 476//476 542//542 543//543
f 476//476 543//543 475//475
f 475//475 543//543 544//544
f 475//475 544//544 489//489
f 489//489 544//544 545//545
f 489//489 545//545 488//488
f 488//488 545//545 506//506
f 488//488 506//506 493//493
f 493//493 506//506 492//492
f 507//507 506//506 546//546
f 510//510 509//509 546//546
f 546//546 509//509 508//508
f 546//546 508//508 507//507
f 513//513 512//512 546//546
f 546//546 512//512 511//511
f 546//546 511//511 510//510
f 516//516 515//515 546//546
f 546//546 515//515 514//514
f 546//546 514//514 513//513
f 519//519 518//518 546//546
f 546//546 518//518 517//517
f 546//546 517//517 516//516
f 522//522 521//521 546//546
f 546//546 521//521 520//520
f 546//546 520//520 519//519
f 525//525 524//524 546//546
f 546//546 524//524 523//523
f 546//546 523//523 522//522
f 528//528 527//527 546//546
f 546//546 527//527 526//526
f 546//546 526//526 525//525
f 531//531 530//530 546//546
f 546//546 530//530 529//529
f 546//546 529//529 528//528
f 534//534 533//533 546//546
f 546//546 533//533 532//532
f 546//546 532//532 531//531
f 537//537 536//536 546//546
f 546//546 536//536 535//535
f 546//546 535//535 534//534
f 540//540 539//539 546//546
f 546//546 539//539 538//538
f 546//546 538//538 537//537
f 543//543 542//542 546//546
f 546//546 542//542 541//541
f 546//546 541//541 540//540
f 506//506 545//545 546//546
f 546//546 545//545 544//544
f 546//546 544//544 543//543
f 547//547 300//300 548//548
f 548//548 300//300 301//301
f 548//548 301//301 549//549
f 549//549 301//301 313//313
f 549//549 313//313 550//550
f 550//550 313//313 312//312
f 550//550 312//312 551//551
f 551//551 312//312 310//310
f 551//551 310//310 552//552
f 552//552 310//310 309//309
f 552//552 309//309 553//553
f 553//553 309//309 306//306
f 553//553 306//306 554//554
f 554//554 306//306 307//307
f 554//554 307//307 555//555
f 555//555 307//307 308//308
f 555//555 308//308 556//556
f 556//556 308//308 316//316
f 556//556 316//316 557//557
f 557//557 316//316 315//315
f 557//557 315//315 558//558
f 558//558 315//315 314//314
f 558//558 314//314 559//559
f 559//559 314//314 305//305
f 559//559 305//305 560//560
f 560//560 305//305 304//304
f 560//560 304//304 561//561
f 561//561 304//304 303//303
f 561//561 303//303 562//562
f 562//562 303//303 302//302
f 562//562 302//302 563//563
f 563//563 302//302 317//317
f 563//563 317//317 564//564
f 564//564 317//317 319//319
f 564//564 319//319 565//565
f 565//565 319//319 320//320
f 565//565 320//320 566//566
f 566//566 320//320 324//324
f 566//566 324//324 567//567
f 567//567 324//324 323//323
f 567//567 323//323 568//568
f 568//568 323//323 322//322
f 568//568 322//322 569//569
f 569//569 322//322 321//321
f 569//569 321//321 570//570
f 570//570 321//321 331//331
f 570//570 331//331 571//571
f 571//571 331//331 333//333
f 571//571 333//333 572//572
f 572//572 333//333 335//335
f 572//572 335//335 573//573
f 573//573 335//335 344//344
f 573//573 344//344 574//574
f 574//574 344//344 343//343
f 574//574 343//343 575//575
f 575//575 343//343 342//342
f 575//575 342//342 576//576
f 576//576 342//342 341//341
f 576//576 341//341 577//577
f 577//577 341//341 340//340
f 577//577 340//340 578//578
f 578//578 340//340 339//339
f 578//578 339//339 579//579
f 579//579 339//339 338//338
f 579//579 338//338 580//580
f 580//580 338//338 337//337
f 580//580 337//337 581//581
f 581//581 337//337 336//336
f 581//581 336//336 582//582
f 582//582 336//336 325//325
f 582//582 325//325 583//583
f 583//583 325//325 327//327
f 583//583 327//327 584//584
f 584//584 327//327 329//329
f 584//584 329//329 585//585
f 585//585 329//329 330//330
f 585//585 330//330 586//586
f 586//586 330//330 298//298
f 586//586 298//298 547//547
f 547//547 298//298 300//300
f 547//547 548//548 587//587
f 584//584 585//585 587//587
f 587//587 585//585 586//586
f 587//587 586//586 547//547
f 581//581 582//582 587//587
f 587//587 582//582 583//583
f 587//587 583//583 584//584
f 578//578 579//579 587//587
f 587//587 579//579 580//580
f 587//587 580//580 581//581
f 575//575 576//576 587//587
f 587//587 576//576 577//577
f 587//587 577//577 578//578
f 572//572 573//573 587//587
f 587//587 573//573 574//574
f 587//587 574//574 575//575
f 569//569 570//570 587//587
f 587//587 570//570 571//571
f 587//587 571//571 572//572
f 566//566 567//567 587//587
f 587//587 567//567 568//568
f 587//587 568//568 569//569
f 563//563 564//564 587//587
f 587//587 564//564 565//565
f 587//587 565//565 566//566
f 560//560 561//561 587//587
f 587//587 561//561 562//562
f 587//587 562//562 563//563
f 557//557 558//558 587//587
f 587//587 558//558 559//559
f 587//587 559//559 560//560
f 554//554 555//555 587//587
f 587//587 555//555 556//556
f 587//587 556//556 557//557
f 551//551 552//552 587//587
f 587//587 552//552 553//553
f 587//587 553//553 554//554
f 548//548 549//549 587//587
f 587//587 549//549 550//550
f 587//587 550//550 551//551
f 588//588 359//359 589//589
f 589//589 359//359 352//352
f 589//589 352//352 590//590
f 590//590 352//352 353//353
f 590//590 353//353 591//591
f 591//591 353//353 354//354
f 591//591 354//354 592//592
f 592//592 354//354 351//351
f 592//592 351//351 593//593
f 593//593 351//351 350//350
f 593//593 350//350 594//594
f 594//594 350//350 349//349
f 594//594 349//349 595//595
f 595//595 349//349 348//348
f 595//595 348//348 596//596
f 596//596 348//348 347//347
f 596//596 347//347 597//597
f 597//597 347//347 346//346
f 597//597 346//346 598//598
f 598//598 346//346 345//345
f 598//598 345//345 599//599
f 599//599 345//345 198//198
f 599//599 198//198 600//600
f 600//600 198//198 200//200
f 600//600 200//200 601//601
f 601//601 200//200 201//201
f 601//601 201//201 602//602
f 602//602 201//201 202//202
f 602//602 202//202 603//603
f 603//603 202//202 207//207
f 603//603 207//207 604//604
f 604//604 207//207 206//206
f 604//604 206//206 605//605
f 605//605 206//206 205//205
f 605//605 205//205 606//606
f 606//606 205//205 204//204
f 606//606 204//204 607//607
f 607//607 204//204 203//203
f 607//607 203//203 608//608
f 608//608 203//203 197//197
f 608//608 197//197 609//609
f 609//609 197//197 196//196
f 609//609 196//196 610//610
f 610//610 196//196 195//195
f 610//610 195//195 611//611
f 611//611 195//195 194//194
f 611//611 194//194 612//612
f 612//612 194//194 193//193
f 612//612 193//193 613//613
f 613//613 193//193 133//133
f 613//613 133//133 614//614
f 614//614 133//133 132//132
f 614//614 132//132 615//615
f 615//615 132//132 364//364
f 615//615 364//364 616//616
f 616//616 364//364 363//363
f 616//616 363//363 617//617
f 617//617 363//363 362//362
f 617//617 362//362 618//618
f 618//618 362//362 358//358
f 618//618 358//358 619//619
f 619//619 358//358 357//357
f 619//619 357//357 620//620
f 620//620 357//357 356//356
f 620//620 356//356 621//621
f 621//621 356//356 355//355
f 621//621 355//355 622//622
f 622//622 355//355 361//361
f 622//622 361//361 623//623
f 623//623 361//361 360//360
f 623//623 360//360 588//588
f 588//588 360//360 359//359
f 622//622 623//623 624//624
f 624//624 623//623 588//588
f 624//624 588//588 589//589
f 619//619 620//620 624//624
f 624//624 620//620 621//621
f 624//624 621//621 622//622
f 616//616 617//617 624//624
f 624//624 617//617 618//618
f 624//624 618//618 619//619
f 613//613 614//614 624//624
f 624//624 614//614 615//615
f 624//624 615//615 616//616
f 610//610 611//611 624//624
f 624//624 611//611 612//612
f 624//624 612//612 613//613
f 607//607 608//608 624//624
f 624//624 608//608 609//609
f 624//624 609//609 610//610
f 604//604 605//605 624//624
f 624//624 605//605 606//606
f 624//624 606//606 607//607
f 601//601 602//602 624//624
f 624//624 602//602 603//603
f 624//624 603//603 604//604
f 598//598 599//599 624//624
f 624//624 599//599 600//600
f 624//624 600//600 601//601
f 595//595 596//596 624//624
f 624//624 596//596 597//597
f 624//624 597//597 598//598
f 592//592 593//593 624//624
f 624//624 593//593 594//594
f 624//624 594//594 595//595
f 589//589 590//590 624//624
f 624//624 590//590 591//591
f 624//624 591//591 592//592
f 625//625 369//369 626//626
f 626//626 369//369 232//232
f 626//626 232//232 627//627
f 627//627 232//232 231//231
f 627//627 231//231 628//628
f 628//628 231//231 229//229
f 628//628 229//229 629//629
f 629//629 229//229 228//228
f 629//629 228//228 630//630
f 630//630 228//228 223//223
f 630//630 223//223 631//631
f 631//631 223//223 222//222
f 631//631 222//222 632//632
f 632//632 222//222 221//221
f 632//632 221//221 633//633
f 633//633 221//221 227//227
f 633//633 227//227 634//634
f 634//634 227//227 226//226
f 634//634 226//226 635//635
f 635//635 226//226 225//225
f 635//635 225//225 636//636
f 636//636 225//225 224//224
f 636//636 224//224 637//637
f 637//637 224//224 217//217
f 637//637 217//217 638//638
f 638//638 217//217 220//220
f 638//638 220//220 639//639
f 639//639 220//220 219//219
f 639//639 219//219 640//640
f 640//640 219//219 218//218
f 640//640 218//218 641//641
f 641//641 218//218 216//216
f 641//641 216//216 642//642
f 642//642 216//216 215//215
f 642//642 215//215 643//643
f 643//643 215//215 214//214
f 643//643 214//214 644//644
f 644//644 214//214 213//213
f 644//644 213//213 645//645
f 645//645 213//213 212//212
f 645//645 212//212 646//646
f 646//646 212//212 211//211
f 646//646 211//211 647//647
f 647//647 211//211 210//210
f 647//647 210//210 648//648
f 648//648 210//210 209//209
f 648//648 209//209 649//649
f 649//649 209//209 208//208
f 649//649 208//208 650//650
f 650//650 208//208 130//130
f 650//650 130//130 651//651
f 651//651 130//130 129//129
f 651//651 129//129 652//652
f 652//652 129//129 374//374
f 652//652 374//374 653//653
f 653//653 374//374 373//373
f 653//653 373//373 654//654
f 654//654 373//373 372//372
f 654//654 372//372 655//655
f 655//655 372//372 368//368
f 655//655 368//368 656//656
f 656//656 368//368 367//367
f 656//656 367//367 657//657
f 657//657 367//367 366//366
f 657//657 366//366 658//658
f 658//658 366//366 365//365
f 658//658 365//365 659//659
f 659//659 365//365 371//371
f 659//659 371//371 660//660
f 660//660 371//371 370//370
f 660//660 370//370 625//625
f 625//625 370//370 369//369
f 659//659 660//660 661//661
f 661//661 660//660 625//625
f 661//661 625//625 626//626
f 656//656 657//657 661//661
f 661//661 657//657 658//658
f 661//661 658//658 659//659
f 653//653 654//654 661//661
f 661//661 654//654 655//655
f 661//661 655//655 656//656
f 650//650 651//651 661//661
f 661//661 651//651 652//652
f 661//661 652//652 653//653
f 647//647 648//648 661//661
f 661//661 648//648 649//649
f 661//661 649//649 650//650
f 644//644 645//645 661//661
f 661//661 645//645 646//646
f 661//661 646//646 647//647
f 641//641 642//642 661//661
f 661//661 642//642 643//643
f 661//661 643//643 644//644
f 638//638 639//639 661//661
f 661//661 639//639 640//640
f 661//661 640//640 641//641
f 635//635 636//636 661//661
f 661//661 636//636 637//637
f 661//661 637//637 638//638
f 632//632 633//633 661//661
f 661//661 633//633 634//634
f 661//661 634//634 635//635
f 629//629 630//630 661//661
f 661//661 630//630 631//631
f 661//661 631//631 632//632
f 626//626 627//627 661//661
f 661//661 627//627 628//628
f 661//661 628//628 629//629
f 662//662 377//377 663//663
f 663//663 377//377 136//136
f 663//663 136//136 664//664
f 664//664 136//136 135//135
f 664//664 135//135 665//665
f 665//665 135//135 297//297
f 665//665 297//297 666//666
f 666//666 297//297 296//296
f 666//666 296//296 667//667
f 667//667 296//296 295//295
f 667//667 295//295 668//668
f 668//668 295//295 294//294
f 668//668 294//294 669//669
f 669//669 294//294 293//293
f 669//669 293//293 670//670
f 670//670 293//293 292//292
f 670//670 292//292 671//671
f 671//671 292//292 291//291
f 671//671 291//291 672//672
f 672//672 291//291 290//290
f 672//672 290//290 673//673
f 673//673 290//290 289//289
f 673//673 289//289 674//674
f 674//674 289//289 288//288
f 674//674 288//288 675//675
f 675//675 288//288 287//287
f 675//675 287//287 676//676
f 676//676 287//287 286//286
f 676//676 286//286 677//677
f 677//677 286//286 285//285
f 677//677 285//285 678//678
f 678//678 285//285 284//284
f 678//678 284//284 679//679
f 679//679 284//284 124//124
f 679//679 124//124 680//680
f 680//680 124//124 123//123
f 680//680 123//123 681//681
f 681//681 123//123 390//390
f 681//681 390//390 682//682
f 682//682 390//390 389//389
f 682//682 389//389 683//683
f 683//683 389//389 388//388
f 683//683 388//388 684//684
f 684//684 388//388 384//384
f 684//684 384//384 685//685
f 685//685 384//384 383//383
f 685//685 383//383 686//686
f 686//686 383//383 382//382
f 686//686 382//382 687//687
f 687//687 382//382 381//381
f 687//687 381//381 688//688
f 688//688 381//381 387//387
f 688//688 387//387 689//689
f 689//689 387//387 386//386
f 689//689 386//386 690//690
f 690//690 386//386 385//385
f 690//690 385//385 691//691
f 691//691 385//385 127//127
f 691//691 127//127 692//692
f 692//692 127//127 126//126
f 692//692 126//126 693//693
f 693//693 126//126 380//380
f 693//693 380//380 694//694
f 694//694 380//380 379//379
f 694//694 379//379 695//695
f 695//695 379//379 378//378
f 695//695 378//378 696//696
f 696//696 378//378 375//375
f 696//696 375//375 697//697
f 697//697 375//375 376//376
f 697//697 376//376 662//662
f 662//662 376//376 377//377
f 696//696 697//697 698//698
f 698//698 697//697 662//662
f 698//698 662//662 663//663
f 693//693 694//694 698//698
f 698//698 694//694 695//695
f 698//698 695//695 696//696
f 690//690 691//691 698//698
f 698//698 691//691 692//692
f 698//698 692//692 693//693
f 687//687 688//688 698//698
f 698//698 688//688 689//689
f 698//698 689//689 690//690
f 684//684 685//685 698//698
f 698//698 685//685 686//686
f 698//698 686//686 687//687
f 681//681 682//682 698//698
f 698//698 682//682 683//683
f 698//698 683//683 684//684
f 678//678 679//679 698//698
f 698//698 679//679 680//680
f 698//698 680//680 681//681
f 675//675 676//676 698//698
f 698//698 676//676 677//677
f 698//698 677//677 678//678
f 672//672 673//673 698//698
f 698//698 673//673 674//674
f 698//698 674//674 675//675
f 669//669 670//670 698//698
f 698//698 670//670 671//671
f 698//698 671//671 672//672
f 666//666 667//667 698//698
f 698//698 667//667 668//668
f 698//698 668//668 669//669
f 663//663 664//664 698//698
f 698//698 664//664 665//665
f 698//698 665//665 666//666
f 699//699 420//420 700//700
f 700//700 420//420 397//397
f 700//700 397//397 701//701
f 701//701 397//397 396//396
f 701//701 396//396 702//702
f 702//702 396//396 395//395
f 702//702 395//395 703//703
f 703//703 395//395 394//394
f 703//703 394//394 704//704
f 704//704 394//394 393//393
f 704//704 393//393 705//705
f 705//705 393//393 392//392
f 705//705 392//392 706//706
f 706//706 392//392 391//391
f 706//706 391//391 707//707
f 707//707 391//391 408//408
f 707//707 408//408 708//708
f 708//708 408//408 407//407
f 708//708 407//407 709//709
f 709//709 407//407 406//406
f 709//709 406//406 710//710
f 710//710 406//406 405//405
f 710//710 405//405 711//711
f 711//711 405//405 399//399
f 711//711 399//399 712//712
f 712//712 399//399 398//398
f 712//712 398//398 713//713
f 713//713 398//398 402//402
f 713//713 402//402 714//714
f 714//714 402//402 401//401
f 714//714 401//401 715//715
f 715//715 401//401 400//400
f 715//715 400//400 716//716
f 716//716 400//400 403//403
f 716//716 403//403 717//717
f 717//717 403//403 404//404
f 717//717 404//404 718//718
f 718//718 404//404 415//415
f 718//718 415//415 719//719
f 719//719 415//415 414//414
f 719//719 414//414 720//720
f 720//720 414//414 413//413
f 720//720 413//413 721//721
f 721//721 413//413 412//412
f 721//721 412//412 722//722
f 722//722 412//412 411//411
f 722//722 411//411 723//723
f 723//723 411//411 410//410
f 723//723 410//410 724//724
f 724//724 410//410 409//409
f 724//724 409//409 725//725
f 725//725 409//409 419//419
f 725//725 419//419 726//726
f 726//726 419//419 418//418
f 726//726 418//418 727//727
f 727//727 418//418 417//417
f 727//727 417//417 728//728
f 728//728 417//417 416//416
f 728//728 416//416 729//729
f 729//729 416//416 424//424
f 729//729 424//424 730//730
f 730//730 424//424 426//426
f 730//730 426//426 731//731
f 731//731 426//426 425//425
f 731//731 425//425 732//732
f 732//732 425//425 423//423
f 732//732 423//423 733//733
f 733//733 423//423 422//422
f 733//733 422//422 734//734
f 734//734 422//422 421//421
f 734//734 421//421 699//699
f 699//699 421//421 420//420
f 733//733 734//734 735//735
f 735//735 734//734 699//699
f 735//735 699//699 700//700
f 730//730 731//731 735//735
f 735//735 731//731 732//732
f 735//735 732//732 733//733
f 727//727 728//728 735//735
f 735//735 728//728 729//729
f 735//735 729//729 730//730
f 724//724 725//725 735//735
f 735//735 725//725 726//726
f 735//735 726//726 727//727
f 721//721 722//722 735//735
f 735//735 722//722 723//723
f 735//735 723//723 724//724
f 718//718 719//719 735//735
f 735//735 719//719 720//720
f 735//735 720//720 721//721
f 715//715 716//716 735//735
f 735//735 716//716 717//717
f 735//735 717//717 718//718
f 712//712 713//713 735//735
f 735//735 713//713 714//714
f 735//735 714//714 715//715
f 709//709 710//710 735//735
f 735//735 710//710 711//711
f 735//735 711//711 712//712
f 706//706 707//707 735//735
f 735//735 707//707 708//708
f 735//735 708//708 709//709
f 703//703 704//704 735//735
f 735//735 704//704 705//705
f 735//735 705//705 706//706
f 700//700 701//701 735//735
f 735//735 701//701 702//702
f 735//735 702//702 703//703
f 736//736 145//145 737//737
f 737//737 145//145 144//144
f 737//737 144//144 738//738
f 738//738 144//144 170//170
f 738//738 170//170 739//739
f 739//739 170//170 169//169
f 739//739 169//169 740//740
f 740//740 169//169 168//168
f 740//740 168//168 741//741
f 741//741 168//168 167//167
f 741//741 167//167 742//742
f 742//742 167//167 154//154
f 742//742 154//154 743//743
f 743//743 154//154 153//153
f 743//743 153//153 744//744
f 744//744 153//153 166//166
f 744//744 166//166 745//745
f 745//745 166//166 165//165
f 745//745 165//165 746//746
f 746//746 165//165 164//164
f 746//746 164//164 747//747
f 747//747 164//164 163//163
f 747//747 163//163 748//748
f 748//748 163//163 162//162
f 748//748 162//162 749//749
f 749//749 162//162 161//161
f 749//749 161//161 750//750
f 750//750 161//161 152//152
f 750//750 152//152 751//751
f 751//751 152//152 151//151
f 751//751 151//151 752//752
f 752//752 151//151 150//150
f 752//752 150//150 753//753
f 753//753 150//150 146//146
f 753//753 146//146 754//754
f 754//754 146//146 148//148
f 754//754 148//148 755//755
f 755//755 148//148 149//149
f 755//755 149//149 756//756
f 756//756 149//149 139//139
f 756//756 139//139 757//757
f 757//757 139//139 138//138
f 757//757 138//138 758//758
f 758//758 138//138 143//143
f 758//758 143//143 759//759
f 759//759 143//143 175//175
f 759//759 175//175 760//760
f 760//760 175//175 174//174
f 760//760 174//174 761//761
f 761//761 174//174 160//160
f 761//761 160//160 762//762
f 762//762 160//160 159//159
f 762//762 159//159 763//763
f 763//763 159//159 173//173
f 763//763 173//173 764//764
f 764//764 173//173 172//172
f 764//764 172//172 765//765
f 765//765 172//172 171//171
f 765//765 171//171 766//766
f 766//766 171//171 142//142
f 766//766 142//142 767//767
f 767//767 142//142 141//141
f 767//767 141//141 768//768
f 768//768 141//141 158//158
f 768//768 158//158 769//769
f 769//769 158//158 157//157
f 769//769 157//157 770//770
f 770//770 157//157 156//156
f 770//770 156//156 771//771
f 771//771 156//156 155//155
f 771//771 155//155 736//736
f 736//736 155//155 145//145
f 770//770 771//771 772//772
f 772//772 771//771 736//736
f 772//772 736//736 737//737
f 767//767 768//768 772//772
f 772//772 768//768 769//769
f 772//772 769//769 770//770
f 764//764 765//765 772//772
f 772//772 765//765 766//766
f 772//772 766//766 767//767
f 761//761 762//762 772//772
f 772//772 762//762 763//763
f 772//772 763//763 764//764
f 758//758 759//759 772//772
f 772//772 759//759 760//760
f 772//772 760//760 761//761
f 755//755 756//756 772//772
f 772//772 756//756 757//757
f 772//772 757//757 758//758
f 752//752 753//753 772//772
f 772//772 753//753 754//754
f 772//772 754//754 755//755
f 749//749 750//750 772//772
f 772//772 750//750 751//751
f 772//772 751//751 752//752
f 746//746 747//747 772//772
f 772//772 747//747 748//748
f 772//772 748//748 749//749
f 743//743 744//744 772//772
f 772//772 744//744 745//745
f 772//772 745//745 746//746
f 740//740 741//741 772//772
f 772//772 741//741 742//742
f 772//772 742//742 743//743
f 737//737 738//738 772//772
f 772//772 738//738 739//739
f 772//772 739//739 740//740
f 773//773 457//457 464//464
f 773//773 464//464 774//774
f 774//774 464//464 465//465
f 774//774 465//465 775//775
f 775//775 465//465 463//463
f 775//775 463//463 776//776
f 776//776 463//463 462//462
f 776//776 462//462 777//777
f 777//777 462//462 456//456
f 777//777 456//456 778//778
f 778//778 456//456 455//455
f 778//778 455//455 779//779
f 779//779 455//455 461//461
f 779//779 461//461 780//780
f 781//781 190//190 782//782
f 782//782 190//190 191//191
f 782//782 191//191 783//783
f 783//783 191//191 430//430
f 783//783 430//430 784//784
f 784//784 430//430 429//429
f 784//784 429//429 785//785
f 785//785 429//429 428//428
f 785//785 428//428 786//786
f 786//786 428//428 427//427
f 786//786 427//427 787//787
f 787//787 427//427 451//451
f 787//787 451//451 788//788
f 788//788 451//451 450//450
f 788//788 450//450 789//789
f 789//789 450//450 449//449
f 789//789 449//449 790//790
f 790//790 449//449 448//448
f 790//790 448//448 791//791
f 791//791 448//448 447//447
f 791//791 447//447 792//792
f 792//792 447//447 446//446
f 792//792 446//446 793//793
f 793//793 446//446 445//445
f 793//793 445//445 794//794
f 794//794 445//445 459//459
f 794//794 459//459 795//795
f 795//795 459//459 458//458
f 795//795 458//458 796//796
f 796//796 458//458 442//442
f 796//796 442//442 797//797
f 797//797 442//442 441//441
f 797//797 441//441 798//798
f 798//798 441//441 460//460
f 798//798 460//460 773//773
f 773//773 460//460 457//457
f 799//799 180//180 800//800
f 800//800 180//180 183//183
f 800//800 183//183 801//801
f 801//801 183//183 184//184
f 801//801 184//184 802//802
f 802//802 184//184 185//185
f 802//802 185//185 803//803
f 803//803 185//185 186//186
f 803//803 186//186 804//804
f 804//804 186//186 187//187
f 804//804 187//187 805//805
f 805//805 187//187 188//188
f 805//805 188//188 806//806
f 806//806 188//188 189//189
f 806//806 189//189 781//781
f 781//781 189//189 190//190
f 780//780 461//461 807//807
f 807//807 461//461 434//434
f 807//807 434//434 808//808
f 808//808 434//434 435//435
f 808//808 435//435 809//809
f 809//809 435//435 436//436
f 809//809 436//436 810//810
f 810//810 436//436 437//437
f 810//810 437//437 811//811
f 811//811 437//437 444//444
f 811//811 444//444 812//812
f 812//812 444//444 443//443
f 812//812 443//443 813//813
f 813//813 443//443 440//440
f 813//813 440//440 814//814
f 814//814 440//440 439//439
f 814//814 439//439 815//815
f 815//815 439//439 438//438
f 815//815 438//438 816//816
f 816//816 438//438 454//454
f 816//816 454//454 817//817
f 817//817 454//454 453//453
f 817//817 453//453 818//818
f 818//818 453//453 452//452
f 818//818 452//452 819//819
f 819//819 452//452 433//433
f 819//819 433//433 820//820
f 820//820 433//433 432//432
f 820//820 432//432 821//821
f 821//821 432//432 431//431
f 821//821 431//431 822//822
f 822//822 431//431 182//182
f 822//822 182//182 823//823
f 823//823 182//182 181//181
f 823//823 181//181 799//799
f 799//799 181//181 180//180
f 781//781 773//773 806//806
f 806//806 773//773 774//774
f 806//806 774//774 805//805
f 805//805 774//774 775//775
f 805//805 775//775 804//804
f 804//804 775//775 776//776
f 804//804 776//776 803//803
f 803//803 776//776 777//777
f 803//803 777//777 802//802
f 790//790 791//791 789//789
f 789//789 791//791 788//788
f 793//793 794//794 781//781
f 781//781 794//794 795//795
f 781//781 795//795 796//796
f 782//782 783//783 791//791
f 791//791 783//783 784//784
f 791//791 784//784 785//785
f 785//785 786//786 791//791
f 791//791 786//786 787//787
f 791//791 787//787 788//788
f 782//782 791//791 781//781
f 781//781 791//791 792//792
f 781//781 792//792 793//793
f 796//796 797//797 781//781
f 781//781 797//797 798//798
f 781//781 798//798 773//773
f 799//799 813//813 814//814
f 802//802 777//777 801//801
f 801//801 777//777 778//778
f 801//801 778//778 800//800
f 800//800 778//778 779//779
f 800//800 779//779 799//799
f 799//799 779//779 780//780
f 799//799 780//780 807//807
f 807//807 808//808 799//799
f 799//799 808//808 809//809
f 799//799 809//809 810//810
f 810//810 811//811 799//799
f 799//799 811//811 812//812
f 799//799 812//812 813//813
f 814//814 815//815 799//799
f 799//799 815//815 816//816
f 799//799 816//816 823//823
f 823//823 816//816 817//817
f 819//819 820//820 821//821
f 817//817 818//818 823//823
f 823//823 818//818 819//819
f 823//823 819//819 822//822
f 822//822 819//819 821//821
f 824//824 276//276 825//825
f 825//825 276//276 275//275
f 825//825 275//275 826//826
f 826//826 275//275 248//248
f 826//826 248//248 827//827
f 827//827 248//248 249//249
f 827//827 249//249 828//828
f 828//828 249//249 250//250
f 828//828 250//250 829//829
f 829//829 250//250 263//263
f 829//829 263//263 830//830
f 830//830 263//263 262//262
f 830//830 262//262 831//831
f 831//831 262//262 261//261
f 831//831 261//261 832//832
f 832//832 261//261 256//256
f 832//832 256//256 833//833
f 833//833 256//256 255//255
f 833//833 255//255 834//834
f 834//834 255//255 260//260
f 834//834 260//260 835//835
f 835//835 260//260 259//259
f 835//835 259//259 836//836
f 836//836 259//259 247//247
f 836//836 247//247 837//837
f 837//837 247//247 246//246
f 837//837 246//246 838//838
f 838//838 246//246 245//245
f 838//838 245//245 839//839
f 839//839 245//245 234//234
f 839//839 234//234 840//840
f 840//840 234//234 233//233
f 840//840 233//233 841//841
f 841//841 233//233 244//244
f 841//841 244//244 842//842
f 842//842 244//244 251//251
f 843//843 264//264 844//844
f 844//844 264//264 278//278
f 844//844 278//278 845//845
f 845//845 278//278 279//279
f 845//845 279//279 846//846
f 846//846 279//279 280//280
f 846//846 280//280 847//847
f 847//847 280//280 281//281
f 847//847 281//281 848//848
f 848//848 281//281 282//282
f 848//848 282//282 849//849
f 849//849 282//282 283//283
f 849//849 283//283 850//850
f 850//850 283//283 277//277
f 850//850 277//277 824//824
f 824//824 277//277 276//276
f 851//851 268//268 852//852
f 852//852 268//268 252//252
f 852//852 252//252 853//853
f 853//853 252//252 253//253
f 853//853 253//253 854//854
f 854//854 253//253 254//254
f 854//854 254//254 855//855
f 855//855 254//254 243//243
f 855//855 243//243 856//856
f 856//856 243//243 242//242
f 856//856 242//242 857//857
f 857//857 242//242 241//241
f 857//857 241//241 858//858
f 858//858 241//241 240//240
f 858//858 240//240 859//859
f 859//859 240//240 239//239
f 859//859 239//239 860//860
f 860//860 239//239 238//238
f 860//860 238//238 861//861
f 861//861 238//238 237//237
f 861//861 237//237 862//862
f 862//862 237//237 236//236
f 862//862 236//236 863//863
f 863//863 236//236 235//235
f 863//863 235//235 864//864
f 864//864 235//235 258//258
f 864//864 258//258 865//865
f 865//865 258//258 257//257
f 865//865 257//257 866//866
f 866//866 257//257 267//267
f 866//866 267//267 867//867
f 867//867 267//267 266//266
f 867//867 266//266 868//868
f 868//868 266//266 265//265
f 868//868 265//265 843//843
f 843//843 265//265 264//264
f 842//842 251//251 270//270
f 842//842 270//270 869//869
f 869//869 270//270 271//271
f 869//869 271//271 870//870
f 870//870 271//271 272//272
f 870//870 272//272 871//871
f 871//871 272//272 274//274
f 871//871 274//274 872//872
f 872//872 274//274 273//273
f 872//872 273//273 873//873
f 873//873 273//273 269//269
f 873//873 269//269 874//874
f 874//874 269//269 268//268
f 874//874 268//268 851//851
f 826//826 827//827 838//838
f 839//839 840//840 824//824
f 840//840 841//841 824//824
f 824//824 841//841 842//842
f 824//824 842//842 850//850
f 850//850 842//842 869//869
f 850//850 869//869 849//849
f 849//849 869//869 870//870
f 849//849 870//870 848//848
f 848//848 870//870 871//871
f 848//848 871//871 847//847
f 847//847 871//871 872//872
f 847//847 872//872 846//846
f 839//839 824//824 838//838
f 838//838 824//824 825//825
f 838//838 825//825 826//826
f 846//846 872//872 845//845
f 845//845 872//872 873//873
f 845//845 873//873 844//844
f 844//844 873//873 874//874
f 844//844 874//874 843//843
f 843//843 874//874 851//851
f 843//843 851//851 868//868
f 832//832 833//833 834//834
f 829//829 835//835 836//836
f 827//827 828//828 838//838
f 838//838 828//828 829//829
f 838//838 829//829 837//837
f 837//837 829//829 836//836
f 832//832 834//834 831//831
f 856//856 857//857 858//858
f 861//861 853//853 860//860
f 860//860 853//853 859//859
f 862//862 851//851 861//861
f 861//861 851//851 852//852
f 861//861 852//852 853//853
f 835//835 829//829 834//834
f 834//834 829//829 830//830
f 834//834 830//830 831//831
f 856//856 858//858 855//855
f 862//862 863//863 851//851
f 851//851 863//863 864//864
f 851//851 864//864 865//865
f 865//865 866//866 851//851
f 851//851 866//866 867//867
f 851//851 867//867 868//868
f 859//859 853//853 858//858
f 858//858 853//853 854//854
f 858//858 854//854 855//855
# 1744 faces, 0 coords texture

# End of File
